{"directed": false, "multigraph": false, "graph": {}, "nodes": [{"id": 0, "name": "e:\u4e07\u65af\u57ce", "color": "orange", "radius": 0.050000005475546845}, {"id": 1, "name": "e:\u4e09\u5854\u5821", "color": "orange", "radius": 0.05000000414643041}, {"id": 2, "name": "e:\u4e30\u6536\u5385", "color": "black", "radius": 0.05000000213979138}, {"id": 3, "name": "e:\u4e34\u51ac\u57ce", "color": "lightblue", "radius": 0.21773103999981575}, {"id": 4, "name": "e:\u4e5d\u661f\u57ce", "color": "lightblue", "radius": 0.0500000074346208}, {"id": 5, "name": "e:\u4e9a\u5170\u57ce", "color": "lightblue", "radius": 0.05000000708218642}, {"id": 6, "name": "e:\u4eae\u6c34\u57ce", "color": "hotpink", "radius": 0.05000000627174105}, {"id": 7, "name": "e:\u4ed9\u5973\u57ce", "color": "tomato", "radius": 0.050000004978005906}, {"id": 8, "name": "e:\u4f0a\u4f26\u4f0d\u5fb7\u57ce", "color": "tomato", "radius": 0.05000000661924156}, {"id": 9, "name": "e:\u5168\u89c6\u57ce", "color": "tomato", "radius": 0.050000003516873164}, {"id": 10, "name": "e:\u516c\u7f8a\u95e8", "color": "hotpink", "radius": 0.05000000383226169}, {"id": 11, "name": "e:\u51b0\u6676\u95e8", "color": "orange", "radius": 0.050000008329131505}, {"id": 12, "name": "e:\u51b7\u58d5\u5821", "color": "tomato", "radius": 0.050000000619927584}, {"id": 13, "name": "e:\u51b7\u6c34\u57ce", "color": "black", "radius": 0.050000006020158874}, {"id": 14, "name": "e:\u51ef\u5207\u9547", "color": "hotpink", "radius": 0.05000000385630194}, {"id": 15, "name": "e:\u51ef\u5ca9\u57ce", "color": "lightblue", "radius": 0.050000000157230336}, {"id": 16, "name": "e:\u5341\u5854\u57ce", "color": "hotpink", "radius": 0.05000000069253275}, {"id": 17, "name": "e:\u534a\u5706\u5821", "color": "lightblue", "radius": 0.05000000653137496}, {"id": 18, "name": "e:\u5361\u65af\u7279\u6885\u57ce", "color": "orange", "radius": 0.05000000446580053}, {"id": 19, "name": "e:\u5361\u970d\u57ce", "color": "orange", "radius": 0.05000000376550322}, {"id": 20, "name": "e:\u53c2\u5929\u5854", "color": "hotpink", "radius": 0.050000003314893036}, {"id": 21, "name": "e:\u53e4\u6a61\u57ce", "color": "tomato", "radius": 0.05000000994248723}, {"id": 22, "name": "e:\u53f2\u94ce\u514b\u6e25\u65af\u5821", "color": "orange", "radius": 0.05000000146062631}, {"id": 23, "name": "e:\u541b\u738b\u6e2f", "color": "lightblue", "radius": 0.05000000705616138}, {"id": 24, "name": "e:\u54c8\u4f5b\u57ce", "color": "lightblue", "radius": 0.050000009440468667}, {"id": 25, "name": "e:\u54c8\u5c14\u6d1b\u5385", "color": "gold", "radius": 0.05000000833924088}, {"id": 26, "name": "e:\u54ed\u6ce3\u9547", "color": "lightblue", "radius": 0.050000000427701}, {"id": 27, "name": "e:\u56fd\u738b\u5385", "color": "gold", "radius": 0.050000008049477566}, {"id": 28, "name": "e:\u5723\u5385\u9547", "color": "hotpink", "radius": 0.050000009254038774}, {"id": 29, "name": "e:\u575a\u5b9a\u5821", "color": "black", "radius": 0.050000009598423004}, {"id": 30, "name": "e:\u5854\u8d1d\u514b\u5385", "color": "black", "radius": 0.05000000716421553}, {"id": 31, "name": "e:\u591c\u6b4c\u57ce", "color": "black", "radius": 0.05000000011479121}, {"id": 32, "name": "e:\u5929\u6781\u57ce", "color": "chocolate", "radius": 0.050000002047497466}, {"id": 33, "name": "e:\u5954\u6d41\u57ce", "color": "chocolate", "radius": 0.05000000172028063}, {"id": 34, "name": "e:\u5999\u6e2f", "color": "chocolate", "radius": 0.05000000128579824}, {"id": 35, "name": "e:\u5b64\u706f\u5821", "color": "Green", "radius": 0.05000000637014024}, {"id": 36, "name": "e:\u5b6a\u6cb3\u57ce", "color": "orange", "radius": 0.050000008329365145}, {"id": 37, "name": "e:\u5bb4\u706b\u9547", "color": "tomato", "radius": 0.050000008097370784}, {"id": 38, "name": "e:\u5be1\u5987\u671b", "color": "lightblue", "radius": 0.050000006196810005}, {"id": 39, "name": "e:\u5c16\u89d2", "color": "Green", "radius": 0.05000000434337232}, {"id": 40, "name": "e:\u5c38\u9ab8\u6e56", "color": "chocolate", "radius": 0.050000003432484716}, {"id": 41, "name": "e:\u5c91\u6811\u6ee9\u5821", "color": "lightblue", "radius": 0.05000000768356362}, {"id": 42, "name": "e:\u5ced\u5ca9\u57ce", "color": "hotpink", "radius": 0.050000009480851634}, {"id": 43, "name": "e:\u5e03\u83b1\u8499\u57ce", "color": "lightblue", "radius": 0.05000000089796925}, {"id": 44, "name": "e:\u5e38\u9752\u5385", "color": "chocolate", "radius": 0.05000000123803507}, {"id": 45, "name": "e:\u5e7c\u9e7f\u5c6f", "color": "lightblue", "radius": 0.05000000081886363}, {"id": 46, "name": "e:\u5e7d\u8c37\u57ce", "color": "black", "radius": 0.050000008991880986}, {"id": 47, "name": "e:\u5fc3\u5bbf\u57ce", "color": "chocolate", "radius": 0.05000000226065915}, {"id": 48, "name": "e:\u6050\u7a74\u5821", "color": "gold", "radius": 0.05000000605272948}, {"id": 49, "name": "e:\u6218\u9524\u89d2", "color": "Green", "radius": 0.05000000740032433}, {"id": 50, "name": "e:\u6234\u745e\u57ce", "color": "orange", "radius": 0.05000000206562527}, {"id": 51, "name": "e:\u6258\u4f26\u65b9\u57ce", "color": "gold", "radius": 0.05000000122077783}, {"id": 52, "name": "e:\u6591\u6728\u6797", "color": "orange", "radius": 0.05000000873612604}, {"id": 53, "name": "e:\u65b0\u5821", "color": "tomato", "radius": 0.05000000335915057}, {"id": 54, "name": "e:\u65b0\u6876\u57ce", "color": "chocolate", "radius": 0.05000000625892913}, {"id": 55, "name": "e:\u65c5\u606f\u57ce", "color": "lightblue", "radius": 0.0500000016025685}, {"id": 56, "name": "e:\u661f\u5760\u57ce", "color": "black", "radius": 0.05000000758388818}, {"id": 57, "name": "e:\u661f\u68ad\u57ce", "color": "gold", "radius": 0.0500000069746035}, {"id": 58, "name": "e:\u66ae\u4e34\u5385", "color": "gold", "radius": 0.0500000084730011}, {"id": 59, "name": "e:\u6700\u540e\u58c1\u7089\u57ce", "color": "hotpink", "radius": 0.050000009780465815}, {"id": 60, "name": "e:\u6708\u95e8\u5821", "color": "Green", "radius": 0.05000000607972432}, {"id": 61, "name": "e:\u675c\u65af\u987f\u4f2f\u91cc", "color": "black", "radius": 0.050000006929856844}, {"id": 62, "name": "e:\u679c\u9152\u5385", "color": "Green", "radius": 0.05000000817935037}, {"id": 63, "name": "e:\u67e0\u6aac\u6797", "color": "tomato", "radius": 0.05000000351736205}, {"id": 64, "name": "e:\u67f3\u6728\u57ce", "color": "Green", "radius": 0.05000000619475062}, {"id": 65, "name": "e:\u683c\u6797\u987f\u57ce", "color": "chocolate", "radius": 0.05000000190879005}, {"id": 66, "name": "e:\u6a61\u6728\u76fe", "color": "tomato", "radius": 0.0500000056970648}, {"id": 67, "name": "e:\u6a61\u679c\u5385", "color": "lightblue", "radius": 0.05000000848072465}, {"id": 68, "name": "e:\u6c83\u9a6c\u514b\u57ce", "color": "black", "radius": 0.05000000596633874}, {"id": 69, "name": "e:\u6c99\u77f3\u57ce", "color": "chocolate", "radius": 0.05000000613961223}, {"id": 70, "name": "e:\u6ce2\u6d6a\u53f0", "color": "orange", "radius": 0.05000000444558185}, {"id": 71, "name": "e:\u6d2a\u6b4c\u57ce", "color": "hotpink", "radius": 0.05000000092452178}, {"id": 72, "name": "e:\u6d3e\u514b\u57ce", "color": "orange", "radius": 0.05000000419897692}, {"id": 73, "name": "e:\u6d3e\u514b\u5c9b", "color": "black", "radius": 0.05000000346432693}, {"id": 74, "name": "e:\u6d6e\u6728\u5385", "color": "Green", "radius": 0.050000003275172594}, {"id": 75, "name": "e:\u6d77\u7586\u57ce", "color": "lightblue", "radius": 0.05000000624241692}, {"id": 76, "name": "e:\u6d77\u8c79\u76ae\u89d2", "color": "tomato", "radius": 0.050000006426266036}, {"id": 77, "name": "e:\u6d77\u9e25\u5854", "color": "lightblue", "radius": 0.05000000341478378}, {"id": 78, "name": "e:\u6df1\u6797\u5821", "color": "gold", "radius": 0.05000000951291703}, {"id": 79, "name": "e:\u6df1\u7a74\u57ce", "color": "Green", "radius": 0.05000000132685257}, {"id": 80, "name": "e:\u6df1\u94bb\u5385", "color": "Green", "radius": 0.05000000709961943}, {"id": 81, "name": "e:\u7070\u536b\u5821", "color": "tomato", "radius": 0.050000005602961625}, {"id": 82, "name": "e:\u7070\u56ed\u5821", "color": "lightblue", "radius": 0.05000000453114618}, {"id": 83, "name": "e:\u7070\u6016\u5821", "color": "chocolate", "radius": 0.0500000059255652}, {"id": 84, "name": "e:\u7070\u6c34\u671b", "color": "lightblue", "radius": 0.050000007449679515}, {"id": 85, "name": "e:\u7070\u8c37\u57ce", "color": "tomato", "radius": 0.0500000075932829}, {"id": 86, "name": "e:\u70d9\u5370\u57ce", "color": "chocolate", "radius": 0.050000002253612987}, {"id": 87, "name": "e:\u70db\u7a74\u57ce", "color": "Green", "radius": 0.050000009554744346}, {"id": 88, "name": "e:\u70fd\u706b\u53f0", "color": "hotpink", "radius": 0.05000000342405118}, {"id": 89, "name": "e:\u72ed\u5385", "color": "black", "radius": 0.05000000252674064}, {"id": 90, "name": "e:\u72f1\u95e8\u5385", "color": "hotpink", "radius": 0.05000000599806498}, {"id": 91, "name": "e:\u72f1\u95e8\u5821", "color": "orange", "radius": 0.050000007907133805}, {"id": 92, "name": "e:\u72fc\u7a74", "color": "tomato", "radius": 0.05000000796097249}, {"id": 93, "name": "e:\u7389\u7c73\u57ce", "color": "lightblue", "radius": 0.05000000074838494}, {"id": 94, "name": "e:\u738b\u51a2\u57ce", "color": "chocolate", "radius": 0.05000000659547093}, {"id": 95, "name": "e:\u767d\u56ed\u57ce", "color": "chocolate", "radius": 0.05000000721699232}, {"id": 96, "name": "e:\u767d\u5899\u57ce", "color": "tomato", "radius": 0.0500000005534139}, {"id": 97, "name": "e:\u76d0\u6d77\u5cb8", "color": "orange", "radius": 0.05000000121723423}, {"id": 98, "name": "e:\u76db\u590f\u5385", "color": "tomato", "radius": 0.0500000029123547}, {"id": 99, "name": "e:\u77f3\u76d4\u57ce", "color": "orange", "radius": 0.05000000768602917}, {"id": 100, "name": "e:\u77f3\u7bf1\u57ce", "color": "Green", "radius": 0.050000008400584}, {"id": 101, "name": "e:\u77f3\u821e\u57ce", "color": "gold", "radius": 0.050000000036224346}, {"id": 102, "name": "e:\u788e\u77f3\u5821", "color": "orange", "radius": 0.05000000266434958}, {"id": 103, "name": "e:\u795e\u6069\u57ce", "color": "black", "radius": 0.05000000038473125}, {"id": 104, "name": "e:\u7978\u5792", "color": "lightblue", "radius": 0.05000000750120501}, {"id": 105, "name": "e:\u79e7\u9e21\u5385", "color": "Green", "radius": 0.05000000550814229}, {"id": 106, "name": "e:\u7b26\u77f3\u57ce", "color": "orange", "radius": 0.05000000224072205}, {"id": 107, "name": "e:\u7ea2\u5792", "color": "black", "radius": 0.05000000570765071}, {"id": 108, "name": "e:\u7ea2\u5821", "color": "orange", "radius": 0.05000000650131668}, {"id": 109, "name": "e:\u7ea2\u5821\u3001\u7406\u8bba\u63a8\u6d4b", "color": "lightblue", "radius": 0.05000000129021715}, {"id": 110, "name": "e:\u7ea2\u6e56\u57ce", "color": "orange", "radius": 0.050000003602343614}, {"id": 111, "name": "e:\u7ea2\u7c89\u57ce", "color": "Green", "radius": 0.050000005021405204}, {"id": 112, "name": "e:\u7eff\u5730\u57ce", "color": "Green", "radius": 0.050000006217679374}, {"id": 113, "name": "e:\u7eff\u77f3\u5821", "color": "orange", "radius": 0.050000009873176605}, {"id": 114, "name": "e:\u7f57\u65af\u6bd4\u57ce", "color": "Green", "radius": 0.050000005778282536}, {"id": 115, "name": "e:\u8001\u57ce", "color": "hotpink", "radius": 0.05000000166689897}, {"id": 116, "name": "e:\u8001\u951a\u5730", "color": "hotpink", "radius": 0.05000000403183104}, {"id": 117, "name": "e:\u817e\u77f3\u9547", "color": "black", "radius": 0.050000001364085306}, {"id": 118, "name": "e:\u82e6\u6865", "color": "Green", "radius": 0.05000000925857432}, {"id": 119, "name": "e:\u82f9\u679c\u5c6f", "color": "orange", "radius": 0.05000000261131184}, {"id": 120, "name": "e:\u8349\u5385", "color": "orange", "radius": 0.05000000702362661}, {"id": 121, "name": "e:\u8352\u51a2\u5385", "color": "gold", "radius": 0.050000004090546855}, {"id": 122, "name": "e:\u8352\u77f3\u57ce", "color": "black", "radius": 0.05000000061907137}, {"id": 123, "name": "e:\u835a\u539f\u57ce", "color": "hotpink", "radius": 0.05000000261955646}, {"id": 124, "name": "e:\u83f2\u6797\u7279\u4e4b\u6307", "color": "hotpink", "radius": 0.050000007634588936}, {"id": 125, "name": "e:\u8428\u65af\u83f2\u5c14\u5fb7\u57ce", "color": "lightblue", "radius": 0.05000000742479634}, {"id": 126, "name": "e:\u86c7\u6728\u57ce", "color": "lightblue", "radius": 0.05000000135055424}, {"id": 127, "name": "e:\u8702\u5de2\u57ce", "color": "Green", "radius": 0.05000000792364648}, {"id": 128, "name": "e:\u8910\u5821", "color": "black", "radius": 0.05000000178045628}, {"id": 129, "name": "e:\u8910\u7a74\u5c71", "color": "orange", "radius": 0.0500000071610765}, {"id": 130, "name": "e:\u89d2\u8c37\u57ce", "color": "black", "radius": 0.0500000074540538}, {"id": 131, "name": "e:\u89d2\u9675", "color": "orange", "radius": 0.05000000312264917}, {"id": 132, "name": "e:\u8d5b\u6587\u57ce", "color": "black", "radius": 0.050000005368713164}, {"id": 133, "name": "e:\u8d6b\u4f26\u5821", "color": "lightblue", "radius": 0.05000000604207079}, {"id": 134, "name": "e:\u8d6b\u5229\u4e39\u5cad", "color": "gold", "radius": 0.050000001539290934}, {"id": 135, "name": "e:\u8f7b\u8bed\u5821", "color": "orange", "radius": 0.05000000137149486}, {"id": 136, "name": "e:\u91d1\u6811\u57ce", "color": "tomato", "radius": 0.05000000777059312}, {"id": 137, "name": "e:\u91d1\u7259\u57ce", "color": "gold", "radius": 0.050000000521008156}, {"id": 138, "name": "e:\u91d1\u8292\u5821", "color": "tomato", "radius": 0.050000000825160144}, {"id": 139, "name": "e:\u94c1\u6797\u57ce", "color": "gold", "radius": 0.05000000151021154}, {"id": 140, "name": "e:\u94c1\u6a61\u57ce", "color": "chocolate", "radius": 0.05000000507728649}, {"id": 141, "name": "e:\u94dc\u95e8\u57ce", "color": "Green", "radius": 0.0500000039817715}, {"id": 142, "name": "e:\u94f6\u5385", "color": "orange", "radius": 0.050000004561740904}, {"id": 143, "name": "e:\u957f\u5f13\u5385", "color": "orange", "radius": 0.05000000172222796}, {"id": 144, "name": "e:\u957f\u62f1\u5821", "color": "gold", "radius": 0.050000007558728826}, {"id": 145, "name": "e:\u957f\u684c\u5385", "color": "gold", "radius": 0.050000004309816236}, {"id": 146, "name": "e:\u957f\u8f66\u697c", "color": "tomato", "radius": 0.05000000276430542}, {"id": 147, "name": "e:\u95ea\u5149\u5854", "color": "hotpink", "radius": 0.05000000519603449}, {"id": 148, "name": "e:\u9633\u5c4b\u57ce", "color": "chocolate", "radius": 0.050000005633711764}, {"id": 149, "name": "e:\u9633\u621f\u57ce", "color": "lightblue", "radius": 0.05000000847724921}, {"id": 150, "name": "e:\u96e8\u5c4b\u57ce", "color": "lightblue", "radius": 0.05000000620227804}, {"id": 151, "name": "e:\u96fe\u6797\u57ce", "color": "chocolate", "radius": 0.05000000373115449}, {"id": 152, "name": "e:\u970d\u4f0d\u5fb7\u57ce", "color": "gold", "radius": 0.050000008331431735}, {"id": 153, "name": "e:\u970d\u5c14\u57ce", "color": "gold", "radius": 0.050000006601839515}, {"id": 154, "name": "e:\u9ad8\u5730\u57ce", "color": "Green", "radius": 0.05000000670449012}, {"id": 155, "name": "e:\u9ad8\u5ead", "color": "hotpink", "radius": 0.05000000853812722}, {"id": 156, "name": "e:\u9ad8\u6f6e\u57ce", "color": "Green", "radius": 0.05000000142356886}, {"id": 157, "name": "e:\u9ad8\u9690\u57ce", "color": "lightblue", "radius": 0.05000000695571939}, {"id": 158, "name": "e:\u9b42\u4e18", "color": "tomato", "radius": 0.05000000210110022}, {"id": 159, "name": "e:\u9e26\u523a\u5821", "color": "lightblue", "radius": 0.05000000746405927}, {"id": 160, "name": "e:\u9e26\u5de2\u57ce", "color": "chocolate", "radius": 0.05000000293911975}, {"id": 161, "name": "e:\u9e26\u6811\u57ce", "color": "chocolate", "radius": 0.050000007142354023}, {"id": 162, "name": "e:\u9e26\u6816\u5821", "color": "orange", "radius": 0.05000000750582744}, {"id": 163, "name": "e:\u9e6b\u5de2\u5821", "color": "lightblue", "radius": 0.05000000741787411}, {"id": 164, "name": "e:\u9e70\u5de2\u57ce", "color": "gold", "radius": 0.050000003152940634}, {"id": 165, "name": "e:\u9e70\u7a74\u5821", "color": "chocolate", "radius": 0.050000003814085384}, {"id": 166, "name": "e:\u9e7f\u89d2\u5821", "color": "orange", "radius": 0.05000000520232455}, {"id": 167, "name": "e:\u9ed1\u51a0\u57ce", "color": "gold", "radius": 0.05000000527788964}, {"id": 168, "name": "e:\u9ed1\u6c60", "color": "black", "radius": 0.05000000499763487}, {"id": 169, "name": "e:\u9ed1\u6e2f\u57ce", "color": "tomato", "radius": 0.05000000125484985}, {"id": 170, "name": "e:\u9f99\u77f3\u5c9b", "color": "lightblue", "radius": 0.05000000774704305}], "links": [{"weight": 2, "source": 3, "target": 3}]}