{"directed": false, "multigraph": false, "graph": {}, "nodes": [{"id": 0, "name": "e:HouseWendwater", "color": "lightblue", "radius": 0.29360439049753}, {"id": 1, "name": "e:\u4e01\u74e6\u7279\u5bb6\u65cf", "color": "tomato", "radius": 0.2936066084688009}, {"id": 2, "name": "e:\u4e07\u65af\u5bb6\u65cf", "color": "tomato", "radius": 0.2936064531641307}, {"id": 3, "name": "e:\u4e34\u51ac\u57ce\u7684\u6ce2\u987f\u5bb6\u65cf", "color": "lightblue", "radius": 0.05}, {"id": 4, "name": "e:\u4e4c\u52d2\u5bb6\u65cf", "color": "tomato", "radius": 0.2936064531641307}, {"id": 5, "name": "e:\u4e4c\u5c14\u5179\u5bb6\u65cf", "color": "lightblue", "radius": 0.05}, {"id": 6, "name": "e:\u4e4c\u6cd5\u6797\u5bb6\u65cf", "color": "orange", "radius": 0.29356602992187164}, {"id": 7, "name": "e:\u4e54\u6234\u6069\u5bb6\u65cf", "color": "tomato", "radius": 0.2936064531641307}, {"id": 8, "name": "e:\u4e94\u6307\u534a\u5c9b\u7684\u8d1d\u91cc\u5e2d\u5bb6\u65cf", "color": "lightblue", "radius": 0.5372142812407965}, {"id": 9, "name": "e:\u4e9a\u5170\u57ce\u7684\u51e1\u65af\u5bb6\u65cf", "color": "tomato", "radius": 0.3616591768089517}, {"id": 10, "name": "e:\u4e9a\u5a01\u514b\u5bb6\u65cf", "color": "Green", "radius": 0.2936285721781526}, {"id": 11, "name": "e:\u4ea8\u7279\u5bb6\u65cf", "color": "orange", "radius": 0.29356511808083724}, {"id": 12, "name": "e:\u4eae\u6c34\u57ce\u7684\u63d0\u5229\u5c14\u5bb6\u65cf", "color": "orange", "radius": 0.5371320598437433}, {"id": 13, "name": "e:\u4f0a\u4f26\u4f0d\u5fb7\u5bb6\u65cf", "color": "tomato", "radius": 0.5372131116784051}, {"id": 14, "name": "e:\u4f0a\u65af\u5170\u5bb6\u65cf", "color": "Green", "radius": 0.2936285721781526}, {"id": 15, "name": "e:\u4f0a\u65af\u8499\u5bb6\u65cf", "color": "Green", "radius": 0.05}, {"id": 16, "name": "e:\u4f0a\u6839\u5bb6\u65cf", "color": "lightblue", "radius": 0.2936076421784004}, {"id": 17, "name": "e:\u4f0d\u5fb7\u798f\u7279\u5bb6\u65cf", "color": "hotpink", "radius": 0.35730088038738617}, {"id": 18, "name": "e:\u4f2f\u83b1\u5229\u6c0f\u65cf", "color": "lightblue", "radius": 0.05}, {"id": 19, "name": "e:\u4f5b\u52d2\u5bb6\u65cf", "color": "tomato", "radius": 0.2936064531641307}, {"id": 20, "name": "e:\u4f5b\u62c9\u5fb7\u5bb6\u65cf", "color": "lightblue", "radius": 0.29360439049753}, {"id": 21, "name": "e:\u4f5b\u7d22\u5a01\u5bb6\u65cf", "color": "lightblue", "radius": 0.05}, {"id": 22, "name": "e:\u4f5b\u7f57\u4f26\u5bb6\u65cf", "color": "orange", "radius": 0.29356602992187164}, {"id": 23, "name": "e:\u4f5b\u96f7\u5bb6\u65cf", "color": "lightblue", "radius": 1.5116419272139892}, {"id": 24, "name": "e:\u4f69\u6797\u5bb6\u65cf", "color": "Green", "radius": 0.05}, {"id": 25, "name": "e:\u5085\u5fb7\u5229\u5bb6\u65cf", "color": "orange", "radius": 0.29356602992187164}, {"id": 26, "name": "e:\u514b\u6797\u987f\u5bb6\u65cf", "color": "Green", "radius": 0.05}, {"id": 27, "name": "e:\u514b\u83b1\u52c3\u5bb6\u65cf", "color": "lightblue", "radius": 0.29360439049753}, {"id": 28, "name": "e:\u514b\u83b1\u592b\u987f\u5bb6\u65cf", "color": "Green", "radius": 0.2936292930685312}, {"id": 29, "name": "e:\u514b\u8fde\u6069\u5bb6\u65cf", "color": "orange", "radius": 0.29356602992187164}, {"id": 30, "name": "e:\u514b\u91cc\u5188\u5bb6\u65cf", "color": "Green", "radius": 0.2936285721781526}, {"id": 31, "name": "e:\u514b\u96f7\u897f\u5bb6\u65cf", "color": "lightblue", "radius": 0.29360439049753}, {"id": 32, "name": "e:\u514b\u96f7\u8d6b\u5bb6\u65cf", "color": "Green", "radius": 0.2936285721781526}, {"id": 33, "name": "e:\u516c\u5e73\u4eba\u5bb6\u65cf", "color": "lightblue", "radius": 0.05}, {"id": 34, "name": "e:\u5170\u5c3c\u5179\u5bb6\u65cf", "color": "Green", "radius": 0.05}, {"id": 35, "name": "e:\u5170\u5c3c\u5bb6\u65cf", "color": "lightblue", "radius": 0.05}, {"id": 36, "name": "e:\u5170\u5c3c\u65af\u6e2f\u7684\u5170\u5c3c\u65af\u7279\u5bb6\u65cf", "color": "Green", "radius": 0.2936285721781526}, {"id": 37, "name": "e:\u5170\u5c3c\u65af\u7279\u5bb6\u65cf", "color": "Green", "radius": 11.987788631670748}, {"id": 38, "name": "e:\u5170\u7279\u5c14\u5bb6\u65cf", "color": "lightblue", "radius": 0.05}, {"id": 39, "name": "e:\u5185\u5170\u5bb6\u65cf", "color": "lightblue", "radius": 0.29360704302072294}, {"id": 40, "name": "e:\u51b0\u971c\u5bb6\u65cf", "color": "Green", "radius": 0.05}, {"id": 41, "name": "e:\u51e1\u65af\u5bb6\u65cf", "color": "Green", "radius": 0.05}, {"id": 42, "name": "e:\u51ef\u4f5b\u5bb6\u65cf", "color": "lightblue", "radius": 0.29360439049753}, {"id": 43, "name": "e:\u51ef\u5207\u9547\u7684\u80af\u5b81\u5bb6\u65cf", "color": "Green", "radius": 0.2936285721781526}, {"id": 44, "name": "e:\u51ef\u5fb7\u5a01\u5bb6\u65cf", "color": "orange", "radius": 0.29356602992187164}, {"id": 45, "name": "e:\u51ef\u65af\u5fb7\u5229\u5bb6\u65cf", "color": "lightblue", "radius": 0.05}, {"id": 46, "name": "e:\u51ef\u7279\u5e03\u83b1\u514b\u5bb6\u65cf", "color": "lightblue", "radius": 0.29360439049753}, {"id": 47, "name": "e:\u51ef\u7d22\u5bb6\u65cf", "color": "hotpink", "radius": 0.35730088038738617}, {"id": 48, "name": "e:\u5206\u6069\u5bb6\u65cf", "color": "hotpink", "radius": 0.3573007495231172}, {"id": 49, "name": "e:\u5207\u65af\u5854\u5bb6\u65cf", "color": "orange", "radius": 0.29356602992187164}, {"id": 50, "name": "e:\u5207\u65af\u5fb7\u5bb6\u65cf", "color": "lightblue", "radius": 0.05}, {"id": 51, "name": "e:\u52a0\u7eb3\u5bb6\u65cf", "color": "Green", "radius": 0.2936285721781526}, {"id": 52, "name": "e:\u534e\u7d2b\u671d", "color": "lightblue", "radius": 0.05}, {"id": 53, "name": "e:\u5353\u514b\u65af\u5bb6\u65cf", "color": "Green", "radius": 0.2936285721781526}, {"id": 54, "name": "e:\u5353\u9f13\u5bb6\u65cf", "color": "black", "radius": 0.25957333212830314}, {"id": 55, "name": "e:\u5361\u4f0f\u4f26\u5bb6\u65cf", "color": "Green", "radius": 0.05}, {"id": 56, "name": "e:\u5361\u4f26\u5bb6\u65cf", "color": "lightblue", "radius": 0.2936046264037322}, {"id": 57, "name": "e:\u5361\u53f2\u5854\u514b\u5bb6\u65cf", "color": "gold", "radius": 0.2936081702461003}, {"id": 58, "name": "e:\u5361\u62c9\u52d2\u5bb6\u65cf", "color": "Green", "radius": 0.05}, {"id": 59, "name": "e:\u5361\u65af\u5a01\u5bb6\u65cf", "color": "orange", "radius": 0.29356602992187164}, {"id": 60, "name": "e:\u5362\u745f\u8499\u7279\u5bb6\u65cf", "color": "lightblue", "radius": 0.2936076421784004}, {"id": 61, "name": "e:\u5384\u5229\u592b\u5bb6\u65cf", "color": "lightblue", "radius": 0.2936076421784004}, {"id": 62, "name": "e:\u53e4\u67cf\u514b\u5bb6\u65cf", "color": "tomato", "radius": 0.3616591768089517}, {"id": 63, "name": "e:\u53e4\u67cf\u52d2\u5bb6\u65cf", "color": "black", "radius": 1.5170133248980215}, {"id": 64, "name": "e:\u53f2\u5854\u514b\u5bb6\u65cf", "color": "hotpink", "radius": 2.20110524666182}, {"id": 65, "name": "e:\u53f2\u5a01\u4f5b\u5bb6\u65cf", "color": "Green", "radius": 0.2936285721781526}, {"id": 66, "name": "e:\u53f2\u6234\u8499\u5bb6\u65cf", "color": "lightblue", "radius": 0.2936046264037322}, {"id": 67, "name": "e:\u53f2\u62c9\u7279\u5bb6\u65cf", "color": "gold", "radius": 0.2936081702461003}, {"id": 68, "name": "e:\u53f2\u6587\u5bb6\u65cf", "color": "lightblue", "radius": 0.05}, {"id": 69, "name": "e:\u53f2\u6797\u7279\u5bb6\u65cf", "color": "lightblue", "radius": 0.29360439049753}, {"id": 70, "name": "e:\u53f2\u94ce\u514b\u6e25\u65af\u5bb6\u65cf", "color": "lightblue", "radius": 0.29360439049753}, {"id": 71, "name": "e:\u53f2\u9676\u5bb6\u65cf", "color": "gold", "radius": 0.2936083757870424}, {"id": 72, "name": "e:\u53f6\u5b50\u6e56\u7684\u5965\u65af\u683c\u96f7\u5bb6\u65cf", "color": "orange", "radius": 0.5371227601005021}, {"id": 73, "name": "e:\u541b\u4e34\u7684\u62dc\u62c9\u5e2d\u6069\u5bb6\u65cf", "color": "lightblue", "radius": 9.550569953986574}, {"id": 74, "name": "e:\u54c8\u4f5b\u5bb6\u65cf", "color": "lightblue", "radius": 0.5372089116246418}, {"id": 75, "name": "e:\u54c8\u514b\u83b1\u6c0f\u65cf", "color": "gold", "radius": 0.2936081702461003}, {"id": 76, "name": "e:\u54c8\u5c14\u6d1b\u5bb6\u65cf", "color": "black", "radius": 1.0978666606414733}, {"id": 77, "name": "e:\u54c8\u5c14\u6d1b\u5c9b\u7684\u80af\u5b81\u5bb6\u65cf", "color": "black", "radius": 0.259573332128402}, {"id": 78, "name": "e:\u54c8\u5c14\u987f\u5bb6\u65cf", "color": "tomato", "radius": 0.3616591768089517}, {"id": 79, "name": "e:\u54c8\u624e\u5361\u5bb6\u65cf", "color": "Green", "radius": 0.05}, {"id": 80, "name": "e:\u54c8\u65af\u63d0\u5a01\u514b\u5bb6\u65cf", "color": "orange", "radius": 0.29356602992187164}, {"id": 81, "name": "e:\u54c8\u65af\u63d0\u5bb6\u65cf", "color": "Green", "radius": 0.05}, {"id": 82, "name": "e:\u54c8\u7279\u5bb6\u65cf", "color": "lightblue", "radius": 0.29360439049753}, {"id": 83, "name": "e:\u54c8\u7ef4\u514b\u5bb6\u65cf", "color": "lightblue", "radius": 0.2936066390623961}, {"id": 84, "name": "e:\u54c8\u7f57\u5a01\u5bb6\u65cf", "color": "tomato", "radius": 0.3616591768089517}, {"id": 85, "name": "e:\u54c8\u8fea\u5bb6\u65cf", "color": "lightblue", "radius": 0.29360439049753}, {"id": 86, "name": "e:\u54c8\u987f\u5bb6\u65cf", "color": "lightblue", "radius": 0.29360782898541216}, {"id": 87, "name": "e:\u5510\u5fb7\u5229\u6069\u5bb6\u65cf", "color": "Green", "radius": 0.05}, {"id": 88, "name": "e:\u5580\u96f7\u5bb6\u65cf", "color": "hotpink", "radius": 0.3573007495231172}, {"id": 89, "name": "e:\u56ed\u4e01\u5bb6\u65cf", "color": "lightblue", "radius": 0.05}, {"id": 90, "name": "e:\u574e\u5854\u514b\u5bb6\u65cf", "color": "Green", "radius": 0.05}, {"id": 91, "name": "e:\u575a\u5b9a\u5821\u7684\u5965\u65af\u683c\u96f7\u5bb6\u65cf", "color": "orange", "radius": 0.7806851481912248}, {"id": 92, "name": "e:\u5766\u5e15\u987f\u5bb6\u65cf", "color": "lightblue", "radius": 0.2936076421784004}, {"id": 93, "name": "e:\u5766\u683c\u5229\u5b89\u5bb6\u65cf", "color": "hotpink", "radius": 0.6757669053267948}, {"id": 94, "name": "e:\u57c3\u6d1b\u5c14\u5bb6\u65cf", "color": "Green", "radius": 0.05}, {"id": 95, "name": "e:\u57f9\u514b\u5bb6\u65cf", "color": "orange", "radius": 0.29356602992187164}, {"id": 96, "name": "e:\u57f9\u5409\u5bb6\u65cf", "color": "tomato", "radius": 0.3616591768089517}, {"id": 97, "name": "e:\u5854\u5229\u5bb6\u65cf", "color": "orange", "radius": 0.5371308413244812}, {"id": 98, "name": "e:\u5854\u5c14\u5bb6\u65cf\uff08\u5317\u5883\uff09", "color": "lightblue", "radius": 0.05}, {"id": 99, "name": "e:\u5854\u65af\u5bb6\u65cf", "color": "Green", "radius": 0.05}, {"id": 100, "name": "e:\u5854\u8d1d\u514b\u5bb6\u65cf", "color": "Green", "radius": 0.2936285721781526}, {"id": 101, "name": "e:\u590f\u5c3c\u5bb6\u65cf", "color": "tomato", "radius": 0.3616591768089517}, {"id": 102, "name": "e:\u590f\u666e\u5bb6\u65cf", "color": "black", "radius": 0.25957333212830314}, {"id": 103, "name": "e:\u591a\u5409\u7279\u5bb6\u65cf", "color": "Green", "radius": 0.2936285721781526}, {"id": 104, "name": "e:\u591c\u6b4c\u57ce\u7684\u798f\u7279\u5bb6\u65cf", "color": "Green", "radius": 0.2936292930685312}, {"id": 105, "name": "e:\u5948\u7279\u7acb\u5bb6\u65cf", "color": "lightblue", "radius": 0.05}, {"id": 106, "name": "e:\u594e\u683c\u5bb6\u65cf", "color": "hotpink", "radius": 0.3573007495231172}, {"id": 107, "name": "e:\u5954\u6d41\u57ce\u7684\u4f5b\u96f7\u5bb6\u65cf", "color": "lightblue", "radius": 0.537213682083119}, {"id": 108, "name": "e:\u5965\u4f5b\u987f\u5bb6\u65cf", "color": "Green", "radius": 0.05}, {"id": 109, "name": "e:\u5965\u514b\u4f0d\u5bb6\u65cf", "color": "black", "radius": 0.25957333212830314}, {"id": 110, "name": "e:\u5965\u514b\u8499\u5c9b\u7684\u53e4\u67cf\u52d2\u5bb6\u65cf", "color": "black", "radius": 0.25957333212830314}, {"id": 111, "name": "e:\u5965\u514b\u8d6b\u7279\u5bb6\u65cf", "color": "orange", "radius": 0.29356602992187164}, {"id": 112, "name": "e:\u5965\u53e4\u5fb7\u5bb6\u65cf", "color": "Green", "radius": 0.2936285721781526}, {"id": 113, "name": "e:\u5965\u59c6\u5bb6\u65cf", "color": "orange", "radius": 0.29356602992187164}, {"id": 114, "name": "e:\u5965\u65af\u683c\u96f7\u5bb6\u65cf", "color": "lightblue", "radius": 0.05}, {"id": 115, "name": "e:\u5a01\u52d2\u65af\u5bb6\u65cf", "color": "orange", "radius": 0.29356602992187164}, {"id": 116, "name": "e:\u5a01\u5c14\u5fb7\u5bb6\u65cf", "color": "lightblue", "radius": 0.2936046264037322}, {"id": 117, "name": "e:\u5a01\u5c14\u65af\u5bb6\u65cf\uff08\u5317\u5883\uff09", "color": "gold", "radius": 0.2936081702461003}, {"id": 118, "name": "e:\u5a01\u5c14\u65af\u5bb6\u65cf\uff08\u591a\u6069\uff09", "color": "tomato", "radius": 0.2936064531641307}, {"id": 119, "name": "e:\u5a01\u5ec9\u59c6\u5bb6\u65cf", "color": "orange", "radius": 0.29356602992187164}, {"id": 120, "name": "e:\u5b54\u987f\u5bb6\u65cf", "color": "gold", "radius": 0.2936083757870424}, {"id": 121, "name": "e:\u5b64\u706f\u5821\u7684\u6cd5\u6e29\u5bb6\u65cf", "color": "black", "radius": 0.46914666425666585}, {"id": 122, "name": "e:\u5b87\u5bb6\u65cf", "color": "Green", "radius": 0.2936285721781526}, {"id": 123, "name": "e:\u5b89\u5854\u91cc\u6602\u5bb6\u65cf", "color": "lightblue", "radius": 0.05}, {"id": 124, "name": "e:\u5b89\u5e03\u7f57\u65af\u5bb6\u65cf", "color": "orange", "radius": 0.29356602992187164}, {"id": 125, "name": "e:\u5b89\u67cf\u5bb6\u65cf", "color": "gold", "radius": 0.2936081702461003}, {"id": 126, "name": "e:\u5bc6\u745e\u5bb6\u65cf", "color": "black", "radius": 0.259573332128402}, {"id": 127, "name": "e:\u5bc7\u74e6\u7279\u5bb6\u65cf", "color": "lightblue", "radius": 0.2936080247040287}, {"id": 128, "name": "e:\u5be1\u5987\u671b\u7684\u83f2\u6797\u7279\u5bb6\u65cf", "color": "gold", "radius": 0.2936081702461003}, {"id": 129, "name": "e:\u5c0f\u6797\u5bb6\u65cf", "color": "Green", "radius": 0.05}, {"id": 130, "name": "e:\u5c0f\u6797\u5bb6\u65cf\uff08\u5317\u5883\uff09", "color": "lightblue", "radius": 0.05}, {"id": 131, "name": "e:\u5c0f\u6797\u5bb6\u65cf\uff08\u591a\u6069\uff09", "color": "Green", "radius": 0.05}, {"id": 132, "name": "e:\u5c0f\u6cb3\u5bb6\u65cf", "color": "Green", "radius": 0.05}, {"id": 133, "name": "e:\u5c38\u9ab8\u6e56\u7684\u53e4\u67cf\u52d2\u5bb6\u65cf", "color": "black", "radius": 0.4691466642568152}, {"id": 134, "name": "e:\u5c91\u4f5b\u5fb7\u5bb6\u65cf", "color": "orange", "radius": 0.29356602992187164}, {"id": 135, "name": "e:\u5df4\u5c14\u827e\u8499\u5bb6\u65cf", "color": "lightblue", "radius": 0.29360439049753}, {"id": 136, "name": "e:\u5df4\u7279\u5a01\u5bb6\u65cf", "color": "lightblue", "radius": 0.2936066390623961}, {"id": 137, "name": "e:\u5e03\u514b\u52d2\u5bb6\u65cf", "color": "lightblue", "radius": 0.05}, {"id": 138, "name": "e:\u5e03\u514b\u5a01\u5c14\u5bb6\u65cf", "color": "lightblue", "radius": 0.29360439049753}, {"id": 139, "name": "e:\u5e03\u52b3\u6069\u5bb6\u65cf", "color": "lightblue", "radius": 0.29360439049753}, {"id": 140, "name": "e:\u5e03\u5c14\u5a01\u5bb6\u65cf", "color": "orange", "radius": 0.29356242758895507}, {"id": 141, "name": "e:\u5e03\u5e0c\u5bb6\u65cf", "color": "orange", "radius": 0.29356602992187164}, {"id": 142, "name": "e:\u5e03\u62c9\u514b\u65af\u5bb6\u65cf", "color": "Green", "radius": 0.2936285721781526}, {"id": 143, "name": "e:\u5e03\u83b1\u4f0d\u5fb7\u5bb6\u65cf", "color": "lightblue", "radius": 0.2936066390623961}, {"id": 144, "name": "e:\u5e03\u83b1\u4f2f\u5229\u5bb6\u65cf", "color": "lightblue", "radius": 0.05}, {"id": 145, "name": "e:\u5e03\u83b1\u514b\u6cf0\u65af\u5bb6\u65cf", "color": "black", "radius": 0.25957333212830314}, {"id": 146, "name": "e:\u5e03\u83b1\u5df4\u5c14\u5bb6\u65cf", "color": "orange", "radius": 0.29356602992187164}, {"id": 147, "name": "e:\u5e03\u83b1\u8499\u5bb6\u65cf", "color": "tomato", "radius": 0.2936064531641307}, {"id": 148, "name": "e:\u5e03\u91cc\u5409\u65af\u5bb6\u65cf", "color": "orange", "radius": 0.29356602992187164}, {"id": 149, "name": "e:\u5e03\u9686\u5bb6\u65cf", "color": "Green", "radius": 0.2936285721781526}, {"id": 150, "name": "e:\u5e03\u96f7\u80af\u5bb6\u65cf", "color": "lightblue", "radius": 0.2936066390623961}, {"id": 151, "name": "e:\u5e15\u4f26\u5bb6\u65cf", "color": "Green", "radius": 0.2936285721781526}, {"id": 152, "name": "e:\u5e15\u5c14\u5bb6\u65cf", "color": "Green", "radius": 0.05}, {"id": 153, "name": "e:\u5e2d\u6e25\u65af\u5bb6\u65cf", "color": "lightblue", "radius": 0.05}, {"id": 154, "name": "e:\u5e93\u4f0a\u5bb6\u65cf", "color": "orange", "radius": 0.29356242758895507}, {"id": 155, "name": "e:\u5e93\u514b\u8096\u5bb6\u65cf", "color": "orange", "radius": 0.29356602992187164}, {"id": 156, "name": "e:\u5e93\u5c14\u624e\u5bb6\u65cf", "color": "lightblue", "radius": 0.05}, {"id": 157, "name": "e:\u5e9e\u6d1b\u65af\u5bb6\u65cf", "color": "lightblue", "radius": 0.2936046264037322}, {"id": 158, "name": "e:\u5f92\u5229\u5bb6\u65cf", "color": "tomato", "radius": 6.2831912446325235}, {"id": 159, "name": "e:\u5fb7\u7ef4\u5c14\u5bb6\u65cf", "color": "orange", "radius": 0.29356602992187164}, {"id": 160, "name": "e:\u6050\u7a74\u5821\u7684\u5e03\u4f26\u5bb6\u65cf", "color": "lightblue", "radius": 0.29360439049753}, {"id": 161, "name": "e:\u6069\u4f5b\u5fb7\u5bb6\u65cf", "color": "lightblue", "radius": 0.29360704302072294}, {"id": 162, "name": "e:\u6155\u987f\u5bb6\u65cf", "color": "tomato", "radius": 0.3616591768089517}, {"id": 163, "name": "e:\u6208\u5fb7\u5bb6\u65cf", "color": "lightblue", "radius": 0.05}, {"id": 164, "name": "e:\u6208\u6839\u52d2\u65af\u5bb6\u65cf", "color": "tomato", "radius": 0.2936064531641307}, {"id": 165, "name": "e:\u6208\u7279\u5bb6\u65cf", "color": "lightblue", "radius": 0.29360439049753}, {"id": 166, "name": "e:\u6234\u4e01\u65af\u5bb6\u65cf", "color": "lightblue", "radius": 0.2936066390623961}, {"id": 167, "name": "e:\u6234\u6069\u5bb6\u65cf", "color": "tomato", "radius": 0.7808199869089175}, {"id": 168, "name": "e:\u6234\u745e\u57ce\u7684\u5170\u5c3c\u65af\u7279\u5bb6\u65cf", "color": "lightblue", "radius": 0.2936066390623961}, {"id": 169, "name": "e:\u6234\u745e\u5bb6\u65cf", "color": "tomato", "radius": 0.3616591768089517}, {"id": 170, "name": "e:\u624e\u514b\u5bb6\u65cf", "color": "lightblue", "radius": 0.05}, {"id": 171, "name": "e:\u6258\u4f26\u7279\u5bb6\u65cf", "color": "lightblue", "radius": 0.2936080941271924}, {"id": 172, "name": "e:\u6258\u5170\u5bb6\u65cf", "color": "tomato", "radius": 0.2936064531641307}, {"id": 173, "name": "e:\u6258\u52d2\u7279\u5bb6\u65cf", "color": "lightblue", "radius": 0.2936080247040287}, {"id": 174, "name": "e:\u6258\u56e0\u5bb6\u65cf", "color": "lightblue", "radius": 0.05}, {"id": 175, "name": "e:\u62dc\u5947\u5bb6\u65cf", "color": "lightblue", "radius": 0.29360439049753}, {"id": 176, "name": "e:\u62dc\u74e6\u7279\u5bb6\u65cf", "color": "lightblue", "radius": 0.29360439049753}, {"id": 177, "name": "e:\u63d0\u5229\u5c14\u5bb6\u65cf", "color": "orange", "radius": 12.959015287830802}, {"id": 178, "name": "e:\u6469\u5170\u5fb7\u5bb6\u65cf", "color": "Green", "radius": 0.2936285721781526}, {"id": 179, "name": "e:\u6587\u8f9b\u987f\u5bb6\u65cf", "color": "lightblue", "radius": 0.2936046264037322}, {"id": 180, "name": "e:\u65af\u4e39\u6c0f\u65cf", "color": "gold", "radius": 0.2936081702461003}, {"id": 181, "name": "e:\u65af\u5854\u514b\u8c6a\u65af\u5bb6\u65cf", "color": "orange", "radius": 0.29356602992187164}, {"id": 182, "name": "e:\u65af\u58ee\u5bb6\u65cf", "color": "tomato", "radius": 0.3616591768089517}, {"id": 183, "name": "e:\u65af\u5d14\u514b\u5170\u5bb6\u65cf", "color": "Green", "radius": 0.05}, {"id": 184, "name": "e:\u65af\u5e15\u5bb6\u65cf", "color": "black", "radius": 0.25957333212830314}, {"id": 185, "name": "e:\u65af\u6c64\u987f\u5bb6\u65cf", "color": "lightblue", "radius": 0.29360439049753}, {"id": 186, "name": "e:\u65af\u6d1b\u5b89\u5bb6\u65cf", "color": "orange", "radius": 0.29356602992187164}, {"id": 187, "name": "e:\u65af\u6d3e\u745f\u5bb6\u65cf", "color": "Green", "radius": 0.2936285721781526}, {"id": 188, "name": "e:\u65af\u7ef4\u7279\u5bb6\u65cf", "color": "lightblue", "radius": 0.05}, {"id": 189, "name": "e:\u65af\u8131\u514b\u76ae\u5bb6\u65cf", "color": "Green", "radius": 0.2936285721781526}, {"id": 190, "name": "e:\u65af\u83ab\u4f0d\u5fb7\u5bb6\u65cf", "color": "tomato", "radius": 0.36165956223162626}, {"id": 191, "name": "e:\u65af\u901a\u5782\u5bb6\u65cf", "color": "black", "radius": 0.259573332128402}, {"id": 192, "name": "e:\u65af\u901a\u6d69\u65af\u5bb6\u65cf", "color": "black", "radius": 0.25957333212830314}, {"id": 193, "name": "e:\u65b0\u6876\u57ce\u7684\u4f5b\u7d22\u5a01\u5bb6\u65cf", "color": "orange", "radius": 0.5371314589946234}, {"id": 194, "name": "e:\u65c5\u606f\u57ce\u7684\u51e1\u65af\u5bb6\u65cf", "color": "tomato", "radius": 0.6733183536179035}, {"id": 195, "name": "e:\u65f1\u5730\u5bb6\u65cf", "color": "Green", "radius": 0.05}, {"id": 196, "name": "e:\u660e\u77f3\u5bb6\u65cf", "color": "Green", "radius": 0.05}, {"id": 197, "name": "e:\u666e\u5c14\u5bb6\u65cf", "color": "gold", "radius": 0.2936081702461003}, {"id": 198, "name": "e:\u666e\u68f1\u5bb6\u65cf", "color": "Green", "radius": 0.2936285721781526}, {"id": 199, "name": "e:\u666e\u83b1\u65af\u5766\u5bb6\u65cf", "color": "Green", "radius": 0.05}, {"id": 200, "name": "e:\u666e\u83b1\u65af\u7279\u5bb6\u65cf", "color": "Green", "radius": 0.2936285721781526}, {"id": 201, "name": "e:\u66fc\u4f0d\u7b1b\u5bb6\u65cf", "color": "tomato", "radius": 0.2936064531641307}, {"id": 202, "name": "e:\u66fc\u5b81\u5bb6\u65cf", "color": "lightblue", "radius": 0.29360439049753}, {"id": 203, "name": "e:\u66fc\u5fb7\u52d2\u5bb6\u65cf", "color": "gold", "radius": 0.2936081702461003}, {"id": 204, "name": "e:\u66fc\u8fbe\u514b\u5bb6\u65cf", "color": "Green", "radius": 0.05}, {"id": 205, "name": "e:\u6708\u95e8\u5821\u7684\u7f57\u4f0a\u65af\u5bb6\u65cf", "color": "lightblue", "radius": 0.537215666882429}, {"id": 206, "name": "e:\u6717\u591a\u666e\u5bb6\u65cf", "color": "lightblue", "radius": 0.2936080941271924}, {"id": 207, "name": "e:\u6717\u5bb6\u65cf", "color": "gold", "radius": 0.2936081702461003}, {"id": 208, "name": "e:\u672c\u7279\u5229\u5bb6\u65cf", "color": "Green", "radius": 0.2936285721781526}, {"id": 209, "name": "e:\u674e\u79d1\u5bb6\u65cf", "color": "lightblue", "radius": 0.2936044872520907}, {"id": 210, "name": "e:\u675c\u5170\u767b\u5bb6\u65cf", "color": "lightblue", "radius": 0.05}, {"id": 211, "name": "e:\u675c\u6069\u5bb6\u65cf", "color": "orange", "radius": 0.29356602992187164}, {"id": 212, "name": "e:\u676d\u7279\u5bb6\u65cf", "color": "lightblue", "radius": 0.2936076421784004}, {"id": 213, "name": "e:\u6797\u5fb7\u5229\u5bb6\u65cf", "color": "lightblue", "radius": 0.2936076421784004}, {"id": 214, "name": "e:\u679c\u9152\u5385\u7684\u4f5b\u7d22\u5a01\u5bb6\u65cf", "color": "orange", "radius": 0.5371314589946234}, {"id": 215, "name": "e:\u67e5\u5c14\u987f\u5bb6\u65cf", "color": "lightblue", "radius": 0.29360704302072294}, {"id": 216, "name": "e:\u6811\u5e72\u6c0f\u65cf", "color": "hotpink", "radius": 0.35730074952311736}, {"id": 217, "name": "e:\u6811\u6728\u6c0f\u65cf", "color": "hotpink", "radius": 0.35730074952311736}, {"id": 218, "name": "e:\u6811\u679d\u6c0f\u65cf", "color": "hotpink", "radius": 0.35730074952311736}, {"id": 219, "name": "e:\u683c\u5170\u5fb7\u68ee\u5bb6\u65cf", "color": "lightblue", "radius": 0.05}, {"id": 220, "name": "e:\u683c\u62c9\u592b\u68ee\u5bb6\u65cf", "color": "lightblue", "radius": 0.5372155330809415}, {"id": 221, "name": "e:\u683c\u62c9\u624e\u5bb6\u65cf", "color": "lightblue", "radius": 0.05}, {"id": 222, "name": "e:\u683c\u6797\u5bb6\u65cf", "color": "orange", "radius": 0.29356602992187164}, {"id": 223, "name": "e:\u683c\u6797\u83f2\u5c14\u5bb6\u65cf", "color": "Green", "radius": 0.2936285721781526}, {"id": 224, "name": "e:\u683c\u745e\u5c14\u5bb6\u65cf", "color": "tomato", "radius": 0.3616591768089517}, {"id": 225, "name": "e:\u683c\u96f7\u4f5b\u5fb7\u5bb6\u65cf", "color": "orange", "radius": 0.29356602992187164}, {"id": 226, "name": "e:\u683c\u96f7\u592b\u65af\u5bb6\u65cf", "color": "orange", "radius": 0.29356602992187164}, {"id": 227, "name": "e:\u683c\u96f7\u5bb6\u65cf", "color": "Green", "radius": 0.05}, {"id": 228, "name": "e:\u6851\u5854\u52a0\u5bb6\u65cf", "color": "tomato", "radius": 0.2936064531641307}, {"id": 229, "name": "e:\u6851\u5fb7\u5170\u5bb6\u65cf", "color": "lightblue", "radius": 1.0244321173281488}, {"id": 230, "name": "e:\u6851\u5fb7\u5229\u5bb6\u65cf", "color": "black", "radius": 0.25957333212830314}, {"id": 231, "name": "e:\u6851\u6069\u5bb6\u65cf", "color": "Green", "radius": 0.05}, {"id": 232, "name": "e:\u6851\u683c\u62c9\u65af\u5bb6\u65cf", "color": "Green", "radius": 0.5726990117761193}, {"id": 233, "name": "e:\u6885\u5229\u65af\u7279\u5bb6\u65cf", "color": "lightblue", "radius": 0.2936066390623961}, {"id": 234, "name": "e:\u6885\u6597\u5bb6\u65cf", "color": "orange", "radius": 0.29356602992187164}, {"id": 235, "name": "e:\u6885\u6797\u5bb6\u65cf", "color": "black", "radius": 0.25957333212830314}, {"id": 236, "name": "e:\u6885\u6cf0\u6797\u5bb6\u65cf", "color": "Green", "radius": 0.05}, {"id": 237, "name": "e:\u68d5\u4e18\u5bb6\u65cf", "color": "Green", "radius": 0.05}, {"id": 238, "name": "e:\u68ee\u6797\u6c0f\u65cf", "color": "hotpink", "radius": 0.35730074952311736}, {"id": 239, "name": "e:\u6bd4\u5179\u4f2f\u5229\u5bb6\u65cf", "color": "lightblue", "radius": 0.05}, {"id": 240, "name": "e:\u6bd4\u683c\u52d2\u65af\u901a\u5bb6\u65cf", "color": "lightblue", "radius": 0.05}, {"id": 241, "name": "e:\u6bd4\u7279\u5bb6\u65cf", "color": "Green", "radius": 0.05}, {"id": 242, "name": "e:\u6bd5\u65af\u67cf\u91cc\u5bb6\u65cf", "color": "orange", "radius": 0.29356242758895507}, {"id": 243, "name": "e:\u6c34\u66fc\u5bb6\u65cf", "color": "Green", "radius": 0.05}, {"id": 244, "name": "e:\u6c49\u535a\u5229\u5bb6\u65cf", "color": "lightblue", "radius": 0.05}, {"id": 245, "name": "e:\u6c49\u8fc8\u5c14\u5bb6\u65cf", "color": "Green", "radius": 0.2936285721781526}, {"id": 246, "name": "e:\u6c83\u9a6c\u514b\u5bb6\u65cf", "color": "black", "radius": 0.259573332128402}, {"id": 247, "name": "e:\u6c99\u7565\u7279\u5bb6\u65cf", "color": "Green", "radius": 0.2936285721781526}, {"id": 248, "name": "e:\u6cb3\u5b89\u5bb6\u65cf", "color": "chocolate", "radius": 0.9183021885390465}, {"id": 249, "name": "e:\u6cd5\u4f26\u5bb6\u65cf", "color": "Green", "radius": 0.2936285721781526}, {"id": 250, "name": "e:\u6cd5\u5a01\u5c14\u5bb6\u65cf", "color": "Green", "radius": 0.2936285721781526}, {"id": 251, "name": "e:\u6cd5\u66fc\u5bb6\u65cf", "color": "Green", "radius": 0.5372581060055981}, {"id": 252, "name": "e:\u6cd5\u6797\u5bb6\u65cf", "color": "lightblue", "radius": 0.29360439049753}, {"id": 253, "name": "e:\u6cd5\u6e29\u5bb6\u65cf", "color": "black", "radius": 0.46914666425666585}, {"id": 254, "name": "e:\u6ce2\u5185\u5c14\u5bb6\u65cf", "color": "lightblue", "radius": 0.2936080941271924}, {"id": 255, "name": "e:\u6ce2\u5c14\u5bb6\u65cf", "color": "orange", "radius": 0.29356602992187164}, {"id": 256, "name": "e:\u6ce2\u6797\u5bb6\u65cf", "color": "lightblue", "radius": 0.05}, {"id": 257, "name": "e:\u6ce2\u7279\u5229\u5bb6\u65cf", "color": "black", "radius": 0.25957333212830314}, {"id": 258, "name": "e:\u6ce2\u987f\u5bb6\u65cf", "color": "gold", "radius": 6.627418865782726}, {"id": 259, "name": "e:\u6d1b\u514b\u5bb6\u65cf", "color": "gold", "radius": 0.2936081702461003}, {"id": 260, "name": "e:\u6d1b\u5947\u5bb6\u65cf", "color": "Green", "radius": 0.2936285721781526}, {"id": 261, "name": "e:\u6d1b\u62c9\u514b\u5bb6\u65cf", "color": "Green", "radius": 0.05}, {"id": 262, "name": "e:\u6d3e\u514b\u987f\u5bb6\u65cf", "color": "Green", "radius": 0.2936285721781526}, {"id": 263, "name": "e:\u6d3e\u5c14\u5bb6\u65cf", "color": "lightblue", "radius": 0.29360439049753}, {"id": 264, "name": "e:\u6d3e\u6069\u5bb6\u65cf", "color": "Green", "radius": 0.2936285721781526}, {"id": 265, "name": "e:\u6d3e\u67cf\u5bb6\u65cf", "color": "tomato", "radius": 0.3616591768089517}, {"id": 266, "name": "e:\u6d77\u4f0a\u5bb6\u65cf", "color": "lightblue", "radius": 0.29360704302072294}, {"id": 267, "name": "e:\u6d77\u5854\u5c14\u5bb6\u65cf", "color": "orange", "radius": 1.5113765184795773}, {"id": 268, "name": "e:\u6d77\u7eff\u671d", "color": "Green", "radius": 0.05}, {"id": 269, "name": "e:\u6d77\u9e25\u5854\u7684\u8c22\u7279\u5bb6\u65cf", "color": "lightblue", "radius": 0.2936080247040287}, {"id": 270, "name": "e:\u6d77\u9e25\u9547\u7684\u827e\u6797\u5bb6\u65cf", "color": "lightblue", "radius": 0.5372152843568008}, {"id": 271, "name": "e:\u6d77\u9e25\u9547\u7684\u8c22\u7279\u5bb6\u65cf", "color": "lightblue", "radius": 0.29360782898541216}, {"id": 272, "name": "e:\u6d89\u6c34\u5bb6\u65cf", "color": "Green", "radius": 0.05}, {"id": 273, "name": "e:\u6df1\u94bb\u5385\u7684\u53e4\u67cf\u52d2\u5bb6\u65cf", "color": "black", "radius": 0.4691466642568152}, {"id": 274, "name": "e:\u6e25\u5c14\u6c0f\u65cf", "color": "gold", "radius": 0.2936081702461003}, {"id": 275, "name": "e:\u6e25\u5c14\u83f2\u5bb6\u65cf", "color": "gold", "radius": 0.2936081702461003}, {"id": 276, "name": "e:\u6e25\u5fb7\u5bb6\u65cf", "color": "chocolate", "radius": 0.9183020621123689}, {"id": 277, "name": "e:\u6e29\u5947\u5bb6\u65cf", "color": "black", "radius": 0.25957333212830314}, {"id": 278, "name": "e:\u6e56\u6cca\u5bb6\u65cf\uff08\u5317\u5883\uff09", "color": "lightblue", "radius": 0.05}, {"id": 279, "name": "e:\u6e56\u6cca\u5bb6\u65cf\uff08\u591a\u6069\uff09", "color": "lightblue", "radius": 0.05}, {"id": 280, "name": "e:\u6e56\u6cca\u5bb6\u65cf\uff08\u6d88\u6b67\u4e49\uff09", "color": "Green", "radius": 0.05}, {"id": 281, "name": "e:\u6f58\u6069\u5bb6\u65cf", "color": "lightblue", "radius": 0.29360439049753}, {"id": 282, "name": "e:\u7070\u53f2\u5854\u514b\u5bb6\u65cf", "color": "lightblue", "radius": 0.05}, {"id": 283, "name": "e:\u7070\u671d", "color": "Green", "radius": 0.05}, {"id": 284, "name": "e:\u7279\u5170\u5bb6\u65cf", "color": "Green", "radius": 0.05}, {"id": 285, "name": "e:\u7279\u62d4\u745e\u5bb6\u65cf", "color": "Green", "radius": 0.2936285721781526}, {"id": 286, "name": "e:\u7329\u7ea2\u671d", "color": "lightblue", "radius": 0.05}, {"id": 287, "name": "e:\u739b\u745e\u514b\u5bb6\u65cf", "color": "Green", "radius": 0.05}, {"id": 288, "name": "e:\u739b\u745e\u9b4f\u65af\u5bb6\u65cf", "color": "orange", "radius": 0.29356602992187164}, {"id": 289, "name": "e:\u73cd\u73e0\u767d\u671d", "color": "lightblue", "radius": 0.05}, {"id": 290, "name": "e:\u73ed\u4f5b\u7279\u5bb6\u65cf", "color": "Green", "radius": 0.2936285721781526}, {"id": 291, "name": "e:\u73ed\u6811\u5bb6\u65cf", "color": "tomato", "radius": 0.3616591768089517}, {"id": 292, "name": "e:\u7425\u73c0\u5bb6\u65cf", "color": "lightblue", "radius": 0.05}, {"id": 293, "name": "e:\u745e\u65af\u5229\u5bb6\u65cf", "color": "orange", "radius": 0.29356602992187164}, {"id": 294, "name": "e:\u745e\u8328\u7eb3\u514b\u5bb6\u65cf", "color": "lightblue", "radius": 0.05}, {"id": 295, "name": "e:\u745f\u6069\u5bb6\u65cf", "color": "Green", "radius": 0.05}, {"id": 296, "name": "e:\u74e6\u5217\u5229\u5b89\u5bb6\u65cf", "color": "Green", "radius": 0.05}, {"id": 297, "name": "e:\u74e6\u5c14\u5e73\u5bb6\u65cf", "color": "tomato", "radius": 0.3616591768089517}, {"id": 298, "name": "e:\u74e6\u5c14\u7eb3\u5bb6\u65cf", "color": "orange", "radius": 0.29356602992187164}, {"id": 299, "name": "e:\u74e6\u683c\u65af\u5854\u592b\u5bb6\u65cf", "color": "lightblue", "radius": 0.2936046264037322}, {"id": 300, "name": "e:\u767d\u4e18\u5bb6\u65cf", "color": "lightblue", "radius": 0.05}, {"id": 301, "name": "e:\u788e\u77f3\u5821\u7684\u53e4\u67cf\u52d2\u5bb6\u65cf", "color": "black", "radius": 0.25957333212830314}, {"id": 302, "name": "e:\u78d0\u77f3\u6d77\u5cb8\u7684\u8d39\u820d\u5c14\u5bb6\u65cf", "color": "hotpink", "radius": 0.35730088038738617}, {"id": 303, "name": "e:\u798f\u7279\u5bb6\u65cf", "color": "Green", "radius": 0.5372581060055981}, {"id": 304, "name": "e:\u79d1\u5c14\u5bb6\u65cf", "color": "Green", "radius": 0.05}, {"id": 305, "name": "e:\u79d1\u5e03\u745e\u5bb6\u65cf", "color": "lightblue", "radius": 0.2936076421784004}, {"id": 306, "name": "e:\u79d1\u6258\u56e0\u5bb6\u65cf", "color": "orange", "radius": 0.29356242758895507}, {"id": 307, "name": "e:\u79d1\u683c\u5c14\u5bb6\u65cf", "color": "tomato", "radius": 0.2936064531641307}, {"id": 308, "name": "e:\u79d1\u80af\u82f1\u5bb6\u65cf", "color": "orange", "radius": 0.29356602992187164}, {"id": 309, "name": "e:\u7a46\u4f26\u9053\u5c14\u5bb6\u65cf", "color": "orange", "radius": 0.29356242758895507}, {"id": 310, "name": "e:\u7a46\u5c14\u5bb6\u65cf", "color": "lightblue", "radius": 0.2936076421784004}, {"id": 311, "name": "e:\u7a46\u5fb7\u5bb6\u65cf", "color": "Green", "radius": 0.05}, {"id": 312, "name": "e:\u7a46\u65af\u53e4\u5fb7\u5bb6\u65cf", "color": "Green", "radius": 0.05}, {"id": 313, "name": "e:\u7eb3\u5343\u5bb6\u65cf", "color": "Green", "radius": 0.05}, {"id": 314, "name": "e:\u7ef4\u4f2f\u5bb6\u65cf", "color": "orange", "radius": 0.29356306265845256}, {"id": 315, "name": "e:\u7ef4\u5361\u745e\u5bb6\u65cf", "color": "Green", "radius": 0.5372576195081852}, {"id": 316, "name": "e:\u7ef4\u65af\u7279\u6797\u5bb6\u65cf", "color": "Green", "radius": 0.2936285721781526}, {"id": 317, "name": "e:\u7ef4\u65af\u7279\u798f\u5fb7\u5bb6\u65cf", "color": "Green", "radius": 0.2936285721781526}, {"id": 318, "name": "e:\u7ef4\u7eba\u5bb6\u65cf", "color": "lightblue", "radius": 0.05}, {"id": 319, "name": "e:\u7eff\u6797\u5bb6\u65cf", "color": "hotpink", "radius": 0.3573007495231172}, {"id": 320, "name": "e:\u7eff\u6cbc\u5bb6\u65cf", "color": "Green", "radius": 0.05}, {"id": 321, "name": "e:\u7f57\u4f0a\u65af\u5bb6\u65cf", "color": "lightblue", "radius": 1.268039804451398}, {"id": 322, "name": "e:\u7f57\u514b\u987f\u5bb6\u65cf", "color": "orange", "radius": 0.29356602992187164}, {"id": 323, "name": "e:\u7f57\u5b9b\u5bb6\u65cf", "color": "orange", "radius": 0.7806901482283746}, {"id": 324, "name": "e:\u7f57\u65af\u5766\u5bb6\u65cf", "color": "tomato", "radius": 0.3616591768089517}, {"id": 325, "name": "e:\u7f57\u65af\u6bd4\u5bb6\u65cf", "color": "lightblue", "radius": 0.29360439049753}, {"id": 326, "name": "e:\u7f57\u6770\u65af\u5bb6\u65cf", "color": "lightblue", "radius": 0.05}, {"id": 327, "name": "e:\u7f57\u8f9b\u6797\u5bb6\u65cf", "color": "orange", "radius": 0.29356602992187164}, {"id": 328, "name": "e:\u7fa4\u5c71\u4e2d\u7684\u83f2\u6797\u7279\u6c0f\u65cf", "color": "gold", "radius": 0.2936081702461003}, {"id": 329, "name": "e:\u7fe0\u7eff\u671d", "color": "Green", "radius": 0.05}, {"id": 330, "name": "e:\u8003\u514b\u65af\u5bb6\u65cf", "color": "tomato", "radius": 0.3616591768089517}, {"id": 331, "name": "e:\u8003\u5fb7\u5bb6\u65cf", "color": "black", "radius": 0.25957333212830314}, {"id": 332, "name": "e:\u8003\u5fb7\u7ef4\u90a3\u5bb6\u65cf", "color": "orange", "radius": 0.29356602992187164}, {"id": 333, "name": "e:\u8239\u58f3\u5bb6\u65cf", "color": "lightblue", "radius": 0.05}, {"id": 334, "name": "e:\u827e\u5229\u6602\u5bb6\u65cf", "color": "tomato", "radius": 0.2936064531641307}, {"id": 335, "name": "e:\u827e\u6797\u5bb6\u65cf", "color": "lightblue", "radius": 5.409366813565568}, {"id": 336, "name": "e:\u827e\u679a\u514b\u5bb6\u65cf", "color": "black", "radius": 0.25957333212830314}, {"id": 337, "name": "e:\u82cf\u514b\u5229\u592b\u5bb6\u65cf", "color": "black", "radius": 0.25957333212830314}, {"id": 338, "name": "e:\u82f1\u5947\u83f2\u5bb6\u65cf", "color": "orange", "radius": 0.29356602992187164}, {"id": 339, "name": "e:\u8336\u8910\u671d", "color": "Green", "radius": 0.05}, {"id": 340, "name": "e:\u8346\u68d8\u5bb6\u65cf", "color": "Green", "radius": 0.05}, {"id": 341, "name": "e:\u83ab\u5170\u5bb6\u65cf", "color": "gold", "radius": 0.2936081702461003}, {"id": 342, "name": "e:\u83ab\u5c14\u8499\u5bb6\u65cf", "color": "hotpink", "radius": 0.35730088038738617}, {"id": 343, "name": "e:\u83ab\u65af\u5bb6\u65cf", "color": "Green", "radius": 0.05}, {"id": 344, "name": "e:\u83ab\u91cc\u6839\u5bb6\u65cf", "color": "lightblue", "radius": 0.05}, {"id": 345, "name": "e:\u83b1\u4f5b\u5fb7\u5bb6\u65cf", "color": "Green", "radius": 0.2936285721781526}, {"id": 346, "name": "e:\u83b1\u514b\u5bb6\u65cf", "color": "lightblue", "radius": 0.5372089116246418}, {"id": 347, "name": "e:\u83b1\u5f7b\u65af\u7279\u5bb6\u65cf", "color": "lightblue", "radius": 0.2936066390623961}, {"id": 348, "name": "e:\u83b1\u65af\u5a01\u5c14\u5bb6\u65cf", "color": "gold", "radius": 0.2936081702461003}, {"id": 349, "name": "e:\u83b1\u683c\u5bb6\u65cf", "color": "tomato", "radius": 0.3616591768089517}, {"id": 350, "name": "e:\u83b1\u7ef4\u5c14\u5bb6\u65cf", "color": "orange", "radius": 0.29356602992187164}, {"id": 351, "name": "e:\u83b1\u987f\u5bb6\u65cf", "color": "Green", "radius": 0.2936285721781526}, {"id": 352, "name": "e:\u83f2\u6797\u7279\u4e4b\u6307\u7684\u83f2\u6797\u7279\u5bb6\u65cf", "color": "gold", "radius": 0.2936081702461003}, {"id": 353, "name": "e:\u8428\u5a01\u514b\u5bb6\u65cf", "color": "Green", "radius": 0.2936285721781526}, {"id": 354, "name": "e:\u8428\u65af\u83f2\u5c14\u5fb7\u5bb6\u65cf", "color": "Green", "radius": 0.2936285721781526}, {"id": 355, "name": "e:\u845b\u6d1b\u4f5b\u5bb6\u65cf", "color": "hotpink", "radius": 1.5865044019369312}, {"id": 356, "name": "e:\u845b\u96f7\u4e54\u4f0a\u5bb6\u65cf", "color": "black", "radius": 4.451039974696215}, {"id": 357, "name": "e:\u845b\u96f7\u827e\u6069\u5bb6\u65cf", "color": "Green", "radius": 0.05}, {"id": 358, "name": "e:\u8482\u683c\u5bb6\u65cf", "color": "Green", "radius": 0.05}, {"id": 359, "name": "e:\u84dd\u5e03\u987f\u5bb6\u65cf", "color": "Green", "radius": 0.5726997003957236}, {"id": 360, "name": "e:\u851a\u84dd\u671d", "color": "Green", "radius": 0.05}, {"id": 361, "name": "e:\u88c2\u77f3\u5c71\u7684\u83f2\u6797\u7279\u5bb6\u65cf", "color": "hotpink", "radius": 0.35730088038738617}, {"id": 362, "name": "e:\u8910\u7a74\u5c71\u7684\u5e03\u4f26\u5bb6\u65cf", "color": "lightblue", "radius": 0.29360439049753}, {"id": 363, "name": "e:\u897f\u745e\u5bb6\u65cf", "color": "orange", "radius": 0.29356602992187164}, {"id": 364, "name": "e:\u8bfa\u7279\u6c0f\u65cf", "color": "gold", "radius": 0.2936081702461003}, {"id": 365, "name": "e:\u8bfa\u745e\u5409\u5bb6\u65cf", "color": "orange", "radius": 0.29356602992187164}, {"id": 366, "name": "e:\u8bfa\u745e\u6c0f\u65cf", "color": "gold", "radius": 0.2936081702461003}, {"id": 367, "name": "e:\u8bfa\u79d1\u65af\u5bb6\u65cf", "color": "orange", "radius": 0.29356602992187164}, {"id": 368, "name": "e:\u8c22\u7267\u5fb7\u5bb6\u65cf", "color": "black", "radius": 0.25957333212830314}, {"id": 369, "name": "e:\u8c22\u7279\u5bb6\u65cf", "color": "lightblue", "radius": 0.05}, {"id": 370, "name": "e:\u8c22\u83ab\u5bb6\u65cf", "color": "orange", "radius": 0.29356602992187164}, {"id": 371, "name": "e:\u8d1d\u58f3\u5bb6\u65cf\uff08\u591a\u6069\uff09", "color": "Green", "radius": 0.05}, {"id": 372, "name": "e:\u8d1d\u58f3\u5bb6\u65cf\uff08\u8c37\u5730\uff09", "color": "lightblue", "radius": 0.05}, {"id": 373, "name": "e:\u8d1d\u5c14\u6469\u5bb6\u65cf", "color": "lightblue", "radius": 0.2936076421784004}, {"id": 374, "name": "e:\u8d1d\u683c\u83b1\u4f5b\u5bb6\u65cf", "color": "Green", "radius": 0.05}, {"id": 375, "name": "e:\u8d39\u5c14\u5bb6\u65cf", "color": "Green", "radius": 0.05}, {"id": 376, "name": "e:\u8d39\u820d\u5c14\u5bb6\u65cf", "color": "lightblue", "radius": 0.05}, {"id": 377, "name": "e:\u8d3e\u65af\u7279\u5bb6\u65cf", "color": "Green", "radius": 0.2936285721781526}, {"id": 378, "name": "e:\u8d5b\u5c14\u5f25\u5bb6\u65cf", "color": "Green", "radius": 0.05}, {"id": 379, "name": "e:\u8d5b\u63d0\u52a0\u5bb6\u65cf", "color": "lightblue", "radius": 0.29360439049753}, {"id": 380, "name": "e:\u8d5b\u6587\u5bb6\u65cf", "color": "gold", "radius": 0.5372166125519099}, {"id": 381, "name": "e:\u8d6b\u4f26\u5821\u7684\u5854\u5c14\u5bb6\u65cf", "color": "tomato", "radius": 0.3616591768089517}, {"id": 382, "name": "e:\u8d6b\u4f26\u5821\u7684\u8d1d\u91cc\u5e2d\u5bb6\u65cf", "color": "lightblue", "radius": 2.973279057434472}, {"id": 383, "name": "e:\u8d6b\u5a01\u7279\u5bb6\u65cf", "color": "orange", "radius": 0.29356602992187164}, {"id": 384, "name": "e:\u8d6b\u5e2d\u5bb6\u65cf", "color": "lightblue", "radius": 0.2936076421784004}, {"id": 385, "name": "e:\u8d6b\u65af\u73ed\u5bb6\u65cf", "color": "Green", "radius": 0.2936285721781526}, {"id": 386, "name": "e:\u8f7b\u8db3\u5bb6\u65cf", "color": "lightblue", "radius": 0.05}, {"id": 387, "name": "e:\u8fbe\u514b\u5bb6\u65cf", "color": "Green", "radius": 0.05}, {"id": 388, "name": "e:\u8fbe\u514b\u6797\u5bb6\u65cf", "color": "hotpink", "radius": 0.6757673076502672}, {"id": 389, "name": "e:\u8fbe\u5179\u7eb3\u514b\u5bb6\u65cf", "color": "Green", "radius": 0.05}, {"id": 390, "name": "e:\u8fbe\u65af\u4e01\u5bb6\u65cf", "color": "gold", "radius": 0.5372166125519099}, {"id": 391, "name": "e:\u8fbe\u7279\u5bb6\u65cf", "color": "tomato", "radius": 0.2936064531641307}, {"id": 392, "name": "e:\u91cc\u5fb7\u5c14\u6c0f\u65cf", "color": "gold", "radius": 0.2936081702461003}, {"id": 393, "name": "e:\u94b1\u4f2f\u65af\u5bb6\u65cf", "color": "lightblue", "radius": 0.05}, {"id": 394, "name": "e:\u94c1\u6c0f\u5bb6\u65cf", "color": "Green", "radius": 0.05}, {"id": 395, "name": "e:\u963f\u4ec0\u4f0d\u5fb7\u5bb6\u65cf", "color": "lightblue", "radius": 0.05}, {"id": 396, "name": "e:\u963f\u666e\u5c14\u987f\u5bb6\u65cf", "color": "orange", "radius": 0.29356602992187164}, {"id": 397, "name": "e:\u9676\u54c8\u5bb6\u65cf", "color": "gold", "radius": 0.2936081702461003}, {"id": 398, "name": "e:\u9676\u5c3c\u5bb6\u65cf", "color": "black", "radius": 0.25957333212830314}, {"id": 399, "name": "e:\u9686\u83ab\u65af\u5bb6\u65cf", "color": "Green", "radius": 0.05}, {"id": 400, "name": "e:\u96c5\u8d6b\u8d5e\u5bb6\u65cf", "color": "Green", "radius": 0.05}, {"id": 401, "name": "e:\u96f7\u53e4\u5fb7\u5bb6\u65cf", "color": "orange", "radius": 0.29356602992187164}, {"id": 402, "name": "e:\u96f7\u54c8\u8fbe\u5bb6\u65cf", "color": "Green", "radius": 0.05}, {"id": 403, "name": "e:\u96f7\u5fb7\u4f5b\u5bb6\u65cf", "color": "lightblue", "radius": 0.2936076421784004}, {"id": 404, "name": "e:\u96f7\u5fb7\u6e29\u5bb6\u65cf", "color": "orange", "radius": 0.29356602992187164}, {"id": 405, "name": "e:\u96f7\u8036\u65af\u5bb6\u65cf", "color": "Green", "radius": 0.5372576195081852}, {"id": 406, "name": "e:\u96f7\u8fea\u5e03\u83b1\u7279\u5bb6\u65cf", "color": "tomato", "radius": 0.2936064531641307}, {"id": 407, "name": "e:\u970d\u4f0d\u5fb7\u5bb6\u65cf", "color": "gold", "radius": 0.2936081702461003}, {"id": 408, "name": "e:\u970d\u5c14\u5bb6\u65cf", "color": "lightblue", "radius": 0.05}, {"id": 409, "name": "e:\u970d\u62c9\u5fb7\u5bb6\u65cf", "color": "hotpink", "radius": 0.3628834526633974}, {"id": 410, "name": "e:\u970d\u666e\u5bb6\u65cf", "color": "Green", "radius": 0.05}, {"id": 411, "name": "e:\u970d\u683c\u5bb6\u65cf", "color": "lightblue", "radius": 0.2936044872520907}, {"id": 412, "name": "e:\u970d\u7d22\u6069\u5bb6\u65cf", "color": "Green", "radius": 0.2936285721781526}, {"id": 413, "name": "e:\u975b\u84dd\u671d", "color": "Green", "radius": 0.05}, {"id": 414, "name": "e:\u97e6\u4f0d\u5fb7\u5bb6\u65cf", "color": "lightblue", "radius": 0.5372155330809415}, {"id": 415, "name": "e:\u97e6\u5c14\u5bb6\u65cf", "color": "tomato", "radius": 0.2936064531641307}, {"id": 416, "name": "e:\u97e6\u6069\u5bb6\u65cf", "color": "tomato", "radius": 0.3616591768089517}, {"id": 417, "name": "e:\u98ce\u606f\u5821\u7684\u62dc\u62c9\u5e2d\u6069\u5bb6\u65cf", "color": "lightblue", "radius": 1.9988367502293554}, {"id": 418, "name": "e:\u9a6c\u52d2\u91cc\u5bb6\u65cf", "color": "lightblue", "radius": 0.29360439049753}, {"id": 419, "name": "e:\u9a6c\u5c14\u5bc7\u5bb6\u65cf", "color": "lightblue", "radius": 0.2936076421784004}, {"id": 420, "name": "e:\u9a6c\u5c14\u5e03\u5170\u5bb6\u65cf", "color": "Green", "radius": 0.2936285721781526}, {"id": 421, "name": "e:\u9a6c\u5c14\u9521\u5bb6\u65cf", "color": "gold", "radius": 0.2936081702461003}, {"id": 422, "name": "e:\u9a6c\u683c\u62ff\u6c0f\u65cf", "color": "gold", "radius": 0.2936081702461003}, {"id": 423, "name": "e:\u9a6c\u6cf0\u5c14\u5bb6\u65cf", "color": "tomato", "radius": 4.434915287807019}, {"id": 424, "name": "e:\u9a6c\u7279\u5bb6\u65cf", "color": "Green", "radius": 0.2936285721781526}, {"id": 425, "name": "e:\u9a6c\u8d5b\u5bb6\u65cf", "color": "lightblue", "radius": 0.29360439049753}, {"id": 426, "name": "e:\u9ad8\u5c14\u5bb6\u65cf", "color": "lightblue", "radius": 0.05}, {"id": 427, "name": "e:\u9ad8\u9690\u57ce\u7684\u6234\u6069\u5bb6\u65cf", "color": "tomato", "radius": 0.5372134317957457}, {"id": 428, "name": "e:\u9b4f\u514b\u5229\u5bb6\u65cf", "color": "lightblue", "radius": 0.2936076421784004}, {"id": 429, "name": "e:\u9c81\u7279\u5bb6\u65cf", "color": "tomato", "radius": 0.3616591768089517}, {"id": 430, "name": "e:\u9c81\u7279\u683c\u5c14\u5bb6\u65cf", "color": "Green", "radius": 0.2936285721781526}, {"id": 431, "name": "e:\u9c8d\u683c\u65af\u5bb6\u65cf", "color": "lightblue", "radius": 0.29360439049753}, {"id": 432, "name": "e:\u9c8d\u683c\u65af\u5bb6\u65cf\uff08\u9888\u6cfd\uff09", "color": "hotpink", "radius": 0.3573007495231172}, {"id": 433, "name": "e:\u9e26\u523a\u5821\u7684\u53e4\u67cf\u52d2\u5bb6\u65cf", "color": "black", "radius": 0.4691466642568152}, {"id": 434, "name": "e:\u9ec4\u671d", "color": "lightblue", "radius": 0.05}, {"id": 435, "name": "e:\u9ece\u5fb7\u5bb6\u65cf", "color": "hotpink", "radius": 2.201106162711703}, {"id": 436, "name": "e:\u9ed1\u6cfd\u5bb6\u65cf", "color": "hotpink", "radius": 0.3573007495231172}, {"id": 437, "name": "e:\u9ed1\u706b\u5bb6\u65cf", "color": "hotpink", "radius": 0.36288365382513355}, {"id": 438, "name": "e:\u9f50\u7279\u6797\u5bb6\u65cf", "color": "lightblue", "radius": 0.29360439049753}], "links": [{"weight": 1, "source": 0, "target": 73}, {"weight": 1, "source": 1, "target": 13}, {"weight": 1, "source": 2, "target": 423}, {"weight": 1, "source": 4, "target": 423}, {"weight": 1, "source": 6, "target": 177}, {"weight": 1, "source": 7, "target": 423}, {"weight": 1, "source": 8, "target": 335}, {"weight": 1, "source": 8, "target": 382}, {"weight": 1, "source": 9, "target": 158}, {"weight": 1, "source": 10, "target": 37}, {"weight": 1, "source": 11, "target": 97}, {"weight": 2, "source": 12, "target": 177}, {"weight": 1, "source": 13, "target": 423}, {"weight": 1, "source": 14, "target": 37}, {"weight": 1, "source": 16, "target": 335}, {"weight": 1, "source": 17, "target": 64}, {"weight": 1, "source": 19, "target": 423}, {"weight": 1, "source": 20, "target": 73}, {"weight": 1, "source": 22, "target": 177}, {"weight": 1, "source": 23, "target": 39}, {"weight": 1, "source": 23, "target": 107}, {"weight": 1, "source": 23, "target": 161}, {"weight": 1, "source": 23, "target": 215}, {"weight": 1, "source": 23, "target": 266}, {"weight": 1, "source": 23, "target": 382}, {"weight": 1, "source": 25, "target": 177}, {"weight": 1, "source": 27, "target": 73}, {"weight": 1, "source": 28, "target": 251}, {"weight": 1, "source": 29, "target": 177}, {"weight": 1, "source": 30, "target": 37}, {"weight": 1, "source": 31, "target": 73}, {"weight": 1, "source": 32, "target": 37}, {"weight": 1, "source": 36, "target": 37}, {"weight": 1, "source": 37, "target": 43}, {"weight": 1, "source": 37, "target": 51}, {"weight": 1, "source": 37, "target": 53}, {"weight": 1, "source": 37, "target": 65}, {"weight": 1, "source": 37, "target": 73}, {"weight": 1, "source": 37, "target": 100}, {"weight": 1, "source": 37, "target": 103}, {"weight": 1, "source": 37, "target": 112}, {"weight": 1, "source": 37, "target": 122}, {"weight": 1, "source": 37, "target": 142}, {"weight": 1, "source": 37, "target": 149}, {"weight": 1, "source": 37, "target": 151}, {"weight": 1, "source": 37, "target": 178}, {"weight": 1, "source": 37, "target": 187}, {"weight": 1, "source": 37, "target": 189}, {"weight": 1, "source": 37, "target": 198}, {"weight": 1, "source": 37, "target": 200}, {"weight": 1, "source": 37, "target": 208}, {"weight": 1, "source": 37, "target": 223}, {"weight": 1, "source": 37, "target": 245}, {"weight": 1, "source": 37, "target": 247}, {"weight": 1, "source": 37, "target": 249}, {"weight": 1, "source": 37, "target": 250}, {"weight": 1, "source": 37, "target": 251}, {"weight": 1, "source": 37, "target": 260}, {"weight": 1, "source": 37, "target": 262}, {"weight": 1, "source": 37, "target": 264}, {"weight": 1, "source": 37, "target": 285}, {"weight": 1, "source": 37, "target": 290}, {"weight": 1, "source": 37, "target": 303}, {"weight": 1, "source": 37, "target": 315}, {"weight": 1, "source": 37, "target": 316}, {"weight": 1, "source": 37, "target": 317}, {"weight": 1, "source": 37, "target": 345}, {"weight": 1, "source": 37, "target": 351}, {"weight": 1, "source": 37, "target": 353}, {"weight": 1, "source": 37, "target": 354}, {"weight": 1, "source": 37, "target": 377}, {"weight": 1, "source": 37, "target": 385}, {"weight": 1, "source": 37, "target": 405}, {"weight": 1, "source": 37, "target": 412}, {"weight": 1, "source": 37, "target": 420}, {"weight": 1, "source": 37, "target": 424}, {"weight": 1, "source": 37, "target": 430}, {"weight": 1, "source": 42, "target": 73}, {"weight": 1, "source": 44, "target": 177}, {"weight": 1, "source": 46, "target": 73}, {"weight": 1, "source": 47, "target": 64}, {"weight": 1, "source": 48, "target": 435}, {"weight": 1, "source": 49, "target": 177}, {"weight": 1, "source": 54, "target": 356}, {"weight": 1, "source": 56, "target": 417}, {"weight": 1, "source": 57, "target": 258}, {"weight": 1, "source": 59, "target": 177}, {"weight": 1, "source": 60, "target": 335}, {"weight": 1, "source": 61, "target": 335}, {"weight": 1, "source": 62, "target": 158}, {"weight": 2, "source": 63, "target": 133}, {"weight": 2, "source": 63, "target": 273}, {"weight": 1, "source": 63, "target": 356}, {"weight": 2, "source": 63, "target": 433}, {"weight": 1, "source": 64, "target": 302}, {"weight": 1, "source": 64, "target": 342}, {"weight": 1, "source": 64, "target": 355}, {"weight": 1, "source": 64, "target": 361}, {"weight": 1, "source": 64, "target": 435}, {"weight": 1, "source": 66, "target": 417}, {"weight": 1, "source": 67, "target": 258}, {"weight": 1, "source": 69, "target": 73}, {"weight": 1, "source": 70, "target": 73}, {"weight": 1, "source": 71, "target": 390}, {"weight": 2, "source": 72, "target": 91}, {"weight": 1, "source": 73, "target": 74}, {"weight": 1, "source": 73, "target": 82}, {"weight": 1, "source": 73, "target": 85}, {"weight": 1, "source": 73, "target": 135}, {"weight": 1, "source": 73, "target": 138}, {"weight": 1, "source": 73, "target": 139}, {"weight": 1, "source": 73, "target": 160}, {"weight": 1, "source": 73, "target": 165}, {"weight": 1, "source": 73, "target": 175}, {"weight": 1, "source": 73, "target": 176}, {"weight": 1, "source": 73, "target": 177}, {"weight": 1, "source": 73, "target": 185}, {"weight": 1, "source": 73, "target": 202}, {"weight": 1, "source": 73, "target": 252}, {"weight": 1, "source": 73, "target": 258}, {"weight": 1, "source": 73, "target": 263}, {"weight": 1, "source": 73, "target": 281}, {"weight": 1, "source": 73, "target": 325}, {"weight": 1, "source": 73, "target": 335}, {"weight": 1, "source": 73, "target": 346}, {"weight": 1, "source": 73, "target": 362}, {"weight": 1, "source": 73, "target": 379}, {"weight": 1, "source": 73, "target": 382}, {"weight": 2, "source": 73, "target": 417}, {"weight": 1, "source": 73, "target": 418}, {"weight": 1, "source": 73, "target": 423}, {"weight": 1, "source": 73, "target": 425}, {"weight": 1, "source": 73, "target": 431}, {"weight": 1, "source": 73, "target": 438}, {"weight": 1, "source": 74, "target": 411}, {"weight": 1, "source": 75, "target": 258}, {"weight": 1, "source": 76, "target": 77}, {"weight": 1, "source": 76, "target": 126}, {"weight": 1, "source": 76, "target": 191}, {"weight": 1, "source": 76, "target": 246}, {"weight": 1, "source": 76, "target": 356}, {"weight": 1, "source": 78, "target": 158}, {"weight": 1, "source": 80, "target": 177}, {"weight": 1, "source": 83, "target": 382}, {"weight": 1, "source": 84, "target": 158}, {"weight": 1, "source": 86, "target": 414}, {"weight": 1, "source": 88, "target": 435}, {"weight": 1, "source": 91, "target": 323}, {"weight": 1, "source": 92, "target": 335}, {"weight": 1, "source": 93, "target": 388}, {"weight": 1, "source": 93, "target": 437}, {"weight": 1, "source": 95, "target": 177}, {"weight": 1, "source": 96, "target": 158}, {"weight": 1, "source": 97, "target": 177}, {"weight": 1, "source": 101, "target": 158}, {"weight": 1, "source": 102, "target": 356}, {"weight": 1, "source": 104, "target": 303}, {"weight": 1, "source": 106, "target": 435}, {"weight": 1, "source": 107, "target": 382}, {"weight": 1, "source": 109, "target": 356}, {"weight": 1, "source": 110, "target": 356}, {"weight": 1, "source": 111, "target": 177}, {"weight": 1, "source": 113, "target": 177}, {"weight": 1, "source": 115, "target": 177}, {"weight": 1, "source": 116, "target": 417}, {"weight": 1, "source": 117, "target": 258}, {"weight": 1, "source": 118, "target": 423}, {"weight": 1, "source": 119, "target": 177}, {"weight": 1, "source": 120, "target": 380}, {"weight": 1, "source": 121, "target": 253}, {"weight": 1, "source": 121, "target": 356}, {"weight": 1, "source": 124, "target": 177}, {"weight": 1, "source": 125, "target": 258}, {"weight": 1, "source": 127, "target": 321}, {"weight": 1, "source": 128, "target": 258}, {"weight": 1, "source": 134, "target": 177}, {"weight": 1, "source": 136, "target": 382}, {"weight": 1, "source": 140, "target": 267}, {"weight": 1, "source": 141, "target": 177}, {"weight": 1, "source": 143, "target": 382}, {"weight": 1, "source": 145, "target": 356}, {"weight": 1, "source": 146, "target": 177}, {"weight": 1, "source": 147, "target": 423}, {"weight": 1, "source": 148, "target": 177}, {"weight": 1, "source": 150, "target": 382}, {"weight": 1, "source": 154, "target": 267}, {"weight": 1, "source": 155, "target": 177}, {"weight": 1, "source": 157, "target": 417}, {"weight": 1, "source": 158, "target": 162}, {"weight": 1, "source": 158, "target": 169}, {"weight": 1, "source": 158, "target": 182}, {"weight": 1, "source": 158, "target": 194}, {"weight": 1, "source": 158, "target": 224}, {"weight": 1, "source": 158, "target": 265}, {"weight": 1, "source": 158, "target": 291}, {"weight": 1, "source": 158, "target": 297}, {"weight": 1, "source": 158, "target": 324}, {"weight": 1, "source": 158, "target": 330}, {"weight": 1, "source": 158, "target": 349}, {"weight": 1, "source": 158, "target": 381}, {"weight": 1, "source": 158, "target": 416}, {"weight": 1, "source": 158, "target": 429}, {"weight": 1, "source": 159, "target": 177}, {"weight": 1, "source": 164, "target": 423}, {"weight": 1, "source": 166, "target": 382}, {"weight": 1, "source": 167, "target": 423}, {"weight": 2, "source": 167, "target": 427}, {"weight": 1, "source": 168, "target": 382}, {"weight": 1, "source": 171, "target": 229}, {"weight": 1, "source": 172, "target": 423}, {"weight": 1, "source": 173, "target": 321}, {"weight": 1, "source": 177, "target": 181}, {"weight": 1, "source": 177, "target": 186}, {"weight": 1, "source": 177, "target": 193}, {"weight": 1, "source": 177, "target": 211}, {"weight": 1, "source": 177, "target": 214}, {"weight": 1, "source": 177, "target": 222}, {"weight": 1, "source": 177, "target": 225}, {"weight": 1, "source": 177, "target": 226}, {"weight": 1, "source": 177, "target": 234}, {"weight": 1, "source": 177, "target": 255}, {"weight": 1, "source": 177, "target": 267}, {"weight": 1, "source": 177, "target": 288}, {"weight": 1, "source": 177, "target": 293}, {"weight": 1, "source": 177, "target": 298}, {"weight": 1, "source": 177, "target": 308}, {"weight": 1, "source": 177, "target": 322}, {"weight": 1, "source": 177, "target": 323}, {"weight": 1, "source": 177, "target": 327}, {"weight": 1, "source": 177, "target": 332}, {"weight": 1, "source": 177, "target": 338}, {"weight": 1, "source": 177, "target": 350}, {"weight": 1, "source": 177, "target": 363}, {"weight": 1, "source": 177, "target": 365}, {"weight": 1, "source": 177, "target": 367}, {"weight": 1, "source": 177, "target": 370}, {"weight": 1, "source": 177, "target": 383}, {"weight": 1, "source": 177, "target": 396}, {"weight": 1, "source": 177, "target": 401}, {"weight": 1, "source": 177, "target": 404}, {"weight": 1, "source": 179, "target": 417}, {"weight": 1, "source": 180, "target": 258}, {"weight": 1, "source": 184, "target": 356}, {"weight": 1, "source": 190, "target": 194}, {"weight": 1, "source": 192, "target": 356}, {"weight": 1, "source": 193, "target": 214}, {"weight": 1, "source": 197, "target": 258}, {"weight": 1, "source": 201, "target": 423}, {"weight": 1, "source": 203, "target": 258}, {"weight": 1, "source": 205, "target": 321}, {"weight": 1, "source": 205, "target": 335}, {"weight": 1, "source": 206, "target": 229}, {"weight": 1, "source": 207, "target": 258}, {"weight": 1, "source": 209, "target": 346}, {"weight": 1, "source": 212, "target": 335}, {"weight": 1, "source": 213, "target": 335}, {"weight": 1, "source": 216, "target": 355}, {"weight": 1, "source": 217, "target": 355}, {"weight": 1, "source": 218, "target": 355}, {"weight": 1, "source": 220, "target": 271}, {"weight": 1, "source": 220, "target": 335}, {"weight": 1, "source": 228, "target": 423}, {"weight": 1, "source": 229, "target": 254}, {"weight": 1, "source": 229, "target": 335}, {"weight": 1, "source": 230, "target": 356}, {"weight": 1, "source": 232, "target": 359}, {"weight": 1, "source": 233, "target": 382}, {"weight": 1, "source": 235, "target": 356}, {"weight": 1, "source": 238, "target": 355}, {"weight": 1, "source": 242, "target": 267}, {"weight": 1, "source": 248, "target": 276}, {"weight": 1, "source": 253, "target": 356}, {"weight": 1, "source": 257, "target": 356}, {"weight": 1, "source": 258, "target": 259}, {"weight": 1, "source": 258, "target": 274}, {"weight": 1, "source": 258, "target": 275}, {"weight": 1, "source": 258, "target": 328}, {"weight": 1, "source": 258, "target": 341}, {"weight": 1, "source": 258, "target": 348}, {"weight": 1, "source": 258, "target": 352}, {"weight": 1, "source": 258, "target": 364}, {"weight": 1, "source": 258, "target": 366}, {"weight": 1, "source": 258, "target": 380}, {"weight": 1, "source": 258, "target": 390}, {"weight": 1, "source": 258, "target": 392}, {"weight": 1, "source": 258, "target": 397}, {"weight": 1, "source": 258, "target": 407}, {"weight": 1, "source": 258, "target": 421}, {"weight": 1, "source": 258, "target": 422}, {"weight": 1, "source": 267, "target": 306}, {"weight": 1, "source": 267, "target": 309}, {"weight": 1, "source": 269, "target": 321}, {"weight": 2, "source": 270, "target": 335}, {"weight": 1, "source": 277, "target": 356}, {"weight": 1, "source": 299, "target": 417}, {"weight": 1, "source": 301, "target": 356}, {"weight": 1, "source": 305, "target": 335}, {"weight": 1, "source": 307, "target": 423}, {"weight": 1, "source": 310, "target": 335}, {"weight": 1, "source": 314, "target": 323}, {"weight": 1, "source": 315, "target": 405}, {"weight": 1, "source": 319, "target": 435}, {"weight": 1, "source": 321, "target": 335}, {"weight": 1, "source": 331, "target": 356}, {"weight": 1, "source": 334, "target": 423}, {"weight": 1, "source": 335, "target": 373}, {"weight": 1, "source": 335, "target": 384}, {"weight": 1, "source": 335, "target": 403}, {"weight": 1, "source": 335, "target": 414}, {"weight": 1, "source": 335, "target": 419}, {"weight": 1, "source": 335, "target": 428}, {"weight": 1, "source": 336, "target": 356}, {"weight": 1, "source": 337, "target": 356}, {"weight": 1, "source": 347, "target": 382}, {"weight": 1, "source": 356, "target": 368}, {"weight": 1, "source": 356, "target": 398}, {"weight": 1, "source": 388, "target": 409}, {"weight": 1, "source": 391, "target": 423}, {"weight": 1, "source": 406, "target": 423}, {"weight": 1, "source": 415, "target": 423}, {"weight": 1, "source": 432, "target": 435}, {"weight": 1, "source": 435, "target": 436}]}